Date,Stock price,Strike price,T,Risk-Free Rate,Volatility,,
2014-01-02,9.9867,,,0.0300,0.5527,,
2014-01-03,10,,,0.0301,0.5527,,
2014-01-06,10,,,0.0298,0.5527,,
2014-01-07,9.8413,,,0.0296,0.5527,,
2014-01-08,9.9233,,,0.0301,0.5527,,
2014-01-09,10.1667,,,0.0297,0.5527,,
2014-01-10,9.8973,,,0.0288,0.5527,,
2014-01-13,9.7187,,,0.0284,0.5527,,
2014-01-14,9.3667,,,0.0288,0.5527,,
2014-01-15,11.23,,,0.0290,0.5527,,
2014-01-16,10.8333,,,0.0286,0.5527,,
2014-01-17,11.346,,,0.0284,0.5527,,
2014-01-21,11.416,,,0.0285,0.5527,,
2014-01-22,11.854,,,0.0287,0.5527,,
2014-01-23,11.8153,,,0.0279,0.5527,,
2014-01-24,11.8567,,,0.0275,0.5527,,
2014-01-27,11.6773,,,0.0278,0.5527,,
2014-01-28,11.4333,,,0.0277,0.5527,,
2014-01-29,11.6867,,,0.0269,0.5527,,
2014-01-30,11.8667,,,0.0272,0.5527,,
2014-01-31,11.9233,,,0.0267,0.5527,,
2014-02-03,12.1927,,,0.0261,0.5527,,
2014-02-04,12.0467,,,0.0264,0.5527,,
2014-02-05,11.8867,,,0.0270,0.5527,,
2014-02-06,11.7533,,,0.0273,0.5527,,
2014-02-07,12.0673,,,0.0271,0.5527,,
2014-02-10,12.6227,,,0.0270,0.5527,,
2014-02-11,13.2793,,,0.0275,0.5527,,
2014-02-12,13.052,,,0.0280,0.5527,,
2014-02-13,12.8893,,,0.0273,0.5527,,
2014-02-14,13.2067,,,0.0275,0.5527,,
2014-02-18,13.6829,,,0.0271,0.5527,,
2014-02-19,13.58,,,0.0273,0.5527,,
2014-02-20,14.334,,,0.0276,0.5527,,
2014-02-21,14.1093,,,0.0273,0.5527,,
2014-02-24,13.9173,,,0.0275,0.5527,,
2014-02-25,15.3333,,,0.0270,0.5527,,
2014-02-26,17.2387,,,0.0267,0.5527,,
2014-02-27,17.4167,,,0.0265,0.5527,,
2014-02-28,16.6433,,,0.0266,0.5527,,
2014-03-03,15.8173,,,0.0260,0.5527,,
2014-03-04,17.232,,,0.0270,0.5527,,
2014-03-05,17.1147,,,0.0270,0.5527,,
2014-03-06,16.9427,,,0.0274,0.5527,,
2014-03-07,16.8627,,,0.0280,0.5527,,
2014-03-10,16.18,,,0.0279,0.5527,,
2014-03-11,15.7667,,,0.0277,0.5527,,
2014-03-12,15.4333,,,0.0273,0.5527,,
2014-03-13,16.2527,,,0.0266,0.5527,,
2014-03-14,15.686,,,0.0265,0.5527,,
2014-03-17,15.6633,,,0.0270,0.5527,,
2014-03-18,15.7967,,,0.0268,0.5527,,
2014-03-19,16.0927,,,0.0278,0.5527,,
2014-03-20,15.744,,,0.0279,0.5527,,
2014-03-21,15.7347,,,0.0275,0.5527,,
2014-03-24,15.3167,,,0.0274,0.5527,,
2014-03-25,14.9427,,,0.0275,0.5527,,
2014-03-26,14.7967,,,0.0271,0.5527,,
2014-03-27,14.158,,,0.0269,0.5527,,
2014-03-28,14.1867,,,0.0273,0.5527,,
2014-03-31,14.4333,,,0.0273,0.5527,,
2014-04-01,13.9347,,,0.0277,0.5527,,
2014-04-02,14.6667,,,0.0282,0.5527,,
2014-04-03,15.3533,,,0.0280,0.5527,,
2014-04-04,15.0673,,,0.0274,0.5527,,
2014-04-07,13.7207,,,0.0271,0.5527,,
2014-04-08,14.0033,,,0.0269,0.5527,,
2014-04-09,14.4507,,,0.0271,0.5527,,
2014-04-10,14.4547,,,0.0265,0.5527,,
2014-04-11,13.374,,,0.0263,0.5527,,
2014-04-14,13.84,,,0.0265,0.5527,,
2014-04-15,13.2727,,,0.0264,0.5527,,
2014-04-16,13.1333,,,0.0265,0.5527,,
2014-04-17,13.3073,,,0.0273,0.5527,,
2014-04-21,13.1387,,,0.0273,0.5527,,
2014-04-22,13.7573,,,0.0273,0.5527,,
2014-04-23,14.422,,,0.0270,0.5527,,
2014-04-24,14.054,,,0.0270,0.5527,,
2014-04-25,13.4667,,,0.0268,0.5527,,
2014-04-28,13.3333,,,0.0270,0.5527,,
2014-04-29,13.214,,,0.0271,0.5527,,
2014-04-30,13.5733,,,0.0267,0.5527,,
2014-05-01,13.8053,,,0.0263,0.5527,,
2014-05-02,13.9067,,,0.0260,0.5527,,
2014-05-05,13.9653,,,0.0263,0.5527,,
2014-05-06,14.44,,,0.0261,0.5527,,
2014-05-07,13.976,,,0.0262,0.5527,,
2014-05-08,12.1333,,,0.0261,0.5527,,
2014-05-09,11.9907,,,0.0262,0.5527,,
2014-05-12,12.258,,,0.0266,0.5527,,
2014-05-13,12.2507,,,0.0261,0.5527,,
2014-05-14,12.5967,,,0.0254,0.5527,,
2014-05-15,12.6653,,,0.0250,0.5527,,
2014-05-16,12.5967,,,0.0252,0.5527,,
2014-05-19,12.7147,,,0.0254,0.5527,,
2014-05-20,13.1293,,,0.0252,0.5527,,
2014-05-21,13.0787,,,0.0254,0.5527,,
2014-05-22,13.3567,,,0.0256,0.5527,,
2014-05-23,13.6353,,,0.0254,0.5527,,
2014-05-27,13.9013,,,0.0252,0.5527,,
2014-05-28,14.0013,,,0.0244,0.5527,,
2014-05-29,14.038,,,0.0245,0.5527,,
2014-05-30,14.02,,,0.0248,0.5527,,
2014-06-02,13.822,,,0.0254,0.5527,,
2014-06-03,13.566,,,0.0260,0.5527,,
2014-06-04,13.6233,,,0.0261,0.5527,,
2014-06-05,13.6313,,,0.0259,0.5527,,
2014-06-06,13.9833,,,0.0260,0.5527,,
2014-06-09,13.8633,,,0.0262,0.5527,,
2014-06-10,13.6287,,,0.0264,0.5527,,
2014-06-11,13.4333,,,0.0265,0.5527,,
2014-06-12,13.6733,,,0.0258,0.5527,,
2014-06-13,13.652,,,0.0260,0.5527,,
2014-06-16,13.784,,,0.0261,0.5527,,
2014-06-17,14.9407,,,0.0266,0.5527,,
2014-06-18,15.4333,,,0.0261,0.5527,,
2014-06-19,15.2587,,,0.0264,0.5527,,
2014-06-20,15.2347,,,0.0263,0.5527,,
2014-06-23,15.3007,,,0.0263,0.5527,,
2014-06-24,15.9313,,,0.0259,0.5527,,
2014-06-25,15.5367,,,0.0257,0.5527,,
2014-06-26,15.8113,,,0.0253,0.5527,,
2014-06-27,15.646,,,0.0254,0.5527,,
2014-06-30,15.97,,,0.0253,0.5527,,
2014-07-01,16.164,,,0.0258,0.5527,,
2014-07-02,16.044,,,0.0264,0.5527,,
2014-07-03,15.4193,,,0.0265,0.5527,,
2014-07-07,15.1667,,,0.0263,0.5527,,
2014-07-08,14.5767,,,0.0258,0.5527,,
2014-07-09,14.7513,,,0.0257,0.5527,,
2014-07-10,14.4787,,,0.0255,0.5527,,
2014-07-11,14.7073,,,0.0253,0.5527,,
2014-07-14,14.666,,,0.0255,0.5527,,
2014-07-15,15.1153,,,0.0256,0.5527,,
2014-07-16,14.788,,,0.0255,0.5527,,
2014-07-17,14.4107,,,0.0247,0.5527,,
2014-07-18,14.3967,,,0.0250,0.5527,,
2014-07-21,14.4833,,,0.0249,0.5527,,
2014-07-22,14.8127,,,0.0248,0.5527,,
2014-07-23,14.6673,,,0.0248,0.5527,,
2014-07-24,14.8833,,,0.0252,0.5527,,
2014-07-25,14.848,,,0.0248,0.5527,,
2014-07-28,14.95,,,0.0250,0.5527,,
2014-07-29,15.1073,,,0.0247,0.5527,,
2014-07-30,14.7947,,,0.0257,0.5527,,
2014-07-31,15.284,,,0.0258,0.5527,,
2014-08-01,15.0727,,,0.0252,0.5527,,
2014-08-04,15.6253,,,0.0251,0.5527,,
2014-08-05,15.8313,,,0.0249,0.5527,,
2014-08-06,15.9267,,,0.0249,0.5527,,
2014-08-07,16.6747,,,0.0243,0.5527,,
2014-08-08,16.744,,,0.0244,0.5527,,
2014-08-11,17.032,,,0.0244,0.5527,,
2014-08-12,17.2053,,,0.0246,0.5527,,
2014-08-13,17.4673,,,0.0243,0.5527,,
2014-08-14,17.4993,,,0.0240,0.5527,,
2014-08-15,17.432,,,0.0234,0.5527,,
2014-08-18,17.55,,,0.0239,0.5527,,
2014-08-19,17.258,,,0.0240,0.5527,,
2014-08-20,16.978,,,0.0243,0.5527,,
2014-08-21,17.1013,,,0.0241,0.5527,,
2014-08-22,16.9693,,,0.0240,0.5527,,
2014-08-25,17.2127,,,0.0239,0.5527,,
2014-08-26,17.6653,,,0.0239,0.5527,,
2014-08-27,17.5667,,,0.0237,0.5527,,
2014-08-28,17.4593,,,0.0234,0.5527,,
2014-08-29,17.9133,,,0.0235,0.5527,,
2014-09-02,18.3667,,,0.0242,0.5527,,
2014-09-03,19.178,,,0.0241,0.5527,,
2014-09-04,18.934,,,0.0245,0.5527,,
2014-09-05,18.8367,,,0.0246,0.5527,,
2014-09-08,18.508,,,0.0248,0.5527,,
2014-09-09,18.866,,,0.0250,0.5527,,
2014-09-10,18.6333,,,0.0254,0.5527,,
2014-09-11,18.6973,,,0.0254,0.5527,,
2014-09-12,18.7,,,0.0262,0.5527,,
2014-09-15,18.2913,,,0.0260,0.5527,,
2014-09-16,17.01,,,0.0260,0.5527,,
2014-09-17,17.494,,,0.0262,0.5527,,
2014-09-18,17.5573,,,0.0263,0.5527,,
2014-09-19,17.1993,,,0.0259,0.5527,,
2014-09-22,17,,,0.0257,0.5527,,
2014-09-23,16.348,,,0.0254,0.5527,,
2014-09-24,16.7413,,,0.0257,0.5527,,
2014-09-25,16.8347,,,0.0252,0.5527,,
2014-09-26,16.55,,,0.0254,0.5527,,
2014-09-29,16.2667,,,0.0250,0.5527,,
2014-09-30,16.4613,,,0.0252,0.5527,,
2014-10-01,16.1467,,,0.0242,0.5527,,
2014-10-02,16.68,,,0.0244,0.5527,,
2014-10-03,16.8707,,,0.0245,0.5527,,
2014-10-06,17.2753,,,0.0243,0.5527,,
2014-10-07,17.2353,,,0.0236,0.5527,,
2014-10-08,17.34,,,0.0235,0.5527,,
2014-10-09,17.4833,,,0.0234,0.5527,,
2014-10-10,16.3093,,,0.0231,0.5527,,
2014-10-13,15.9047,,,0.0231,0.5527,,
2014-10-14,15.2167,,,0.0221,0.5527,,
2014-10-15,14.6667,,,0.0215,0.5527,,
2014-10-16,14.648,,,0.0217,0.5527,,
2014-10-17,15.5587,,,0.0222,0.5527,,
2014-10-20,15.1147,,,0.0220,0.5527,,
2014-10-21,15.618,,,0.0223,0.5527,,
2014-10-22,15.546,,,0.0225,0.5527,,
2014-10-23,15.6437,,,0.0229,0.5527,,
2014-10-24,15.7513,,,0.0229,0.5527,,
2014-10-27,15.6167,,,0.0227,0.5527,,
2014-10-28,15.3067,,,0.0230,0.5527,,
2014-10-29,16.0753,,,0.0234,0.5527,,
2014-10-30,15.876,,,0.0232,0.5527,,
2014-10-31,16.1673,,,0.0235,0.5527,,
2014-11-03,16.2,,,0.0236,0.5527,,
2014-11-04,16.0327,,,0.0235,0.5527,,
2014-11-05,16.0667,,,0.0236,0.5527,,
2014-11-06,15.6327,,,0.0239,0.5527,,
2014-11-07,16.146,,,0.0232,0.5527,,
2014-11-10,15.9407,,,0.0238,0.5527,,
2014-11-11,16.17,,,0.0238,0.5527,,
2014-11-12,16.648,,,0.0237,0.5527,,
2014-11-13,16.708,,,0.0235,0.5527,,
2014-11-14,16.6667,,,0.0232,0.5527,,
2014-11-17,17.166,,,0.0234,0.5527,,
2014-11-18,17.0573,,,0.0232,0.5527,,
2014-11-19,16.7073,,,0.0236,0.5527,,
2014-11-20,16.53,,,0.0234,0.5527,,
2014-11-21,16.814,,,0.0231,0.5527,,
2014-11-24,16.3467,,,0.0230,0.5527,,
2014-11-25,16.49,,,0.0227,0.5527,,
2014-11-26,16.556,,,0.0224,0.5527,,
2014-11-28,16.3567,,,0.0218,0.5527,,
2014-12-01,16.0773,,,0.0222,0.5527,,
2014-12-02,15.638,,,0.0228,0.5527,,
2014-12-03,15.0833,,,0.0229,0.5527,,
2014-12-04,15.24,,,0.0225,0.5527,,
2014-12-05,15.2447,,,0.0231,0.5527,,
2014-12-08,14.7693,,,0.0226,0.5527,,
2014-12-09,13.956,,,0.0222,0.5527,,
2014-12-10,14.2753,,,0.0218,0.5527,,
2014-12-11,14.0353,,,0.0219,0.5527,,
2014-12-12,13.6547,,,0.0210,0.5527,,
2014-12-15,13.9527,,,0.0212,0.5527,,
2014-12-16,13.3927,,,0.0207,0.5527,,
2014-12-17,12.8707,,,0.0214,0.5527,,
2014-12-18,14.1587,,,0.0222,0.5527,,
2014-12-19,14.6793,,,0.0217,0.5527,,
2014-12-22,14.6667,,,0.0217,0.5527,,
2014-12-23,14.9207,,,0.0226,0.5527,,
2014-12-24,14.6513,,,0.0227,0.5527,,
2014-12-26,14.7673,,,0.0225,0.5527,,
2014-12-29,15.1267,,,0.0222,0.5527,,
2014-12-30,14.9327,,,0.0220,0.5527,,
2014-12-31,14.8727,,,0.0217,0.5527,,
2015-01-02,14.858,,,0.0212,0.5527,,
2015-01-05,14.3033,,,0.0204,0.5527,,
2015-01-06,14.004,,,0.0197,0.5527,,
2015-01-07,14.2233,,,0.0196,0.5527,,
2015-01-08,14.1873,,,0.0203,0.5527,,
2015-01-09,13.928,,,0.0198,0.5527,,
2015-01-12,13.5367,,,0.0192,0.5527,,
2015-01-13,13.5547,,,0.0191,0.5527,,
2015-01-14,12.3887,,,0.0186,0.5527,,
2015-01-15,12.966,,,0.0177,0.5527,,
2015-01-16,12.7133,,,0.0183,0.5527,,
2015-01-20,12.9247,,,0.0182,0.5527,,
2015-01-21,12.6367,,,0.0187,0.5527,,
2015-01-22,13.1333,,,0.0190,0.5527,,
2015-01-23,13.3527,,,0.0181,0.5527,,
2015-01-26,13.4553,,,0.0183,0.5527,,
2015-01-27,13.628,,,0.0183,0.5527,,
2015-01-28,13.7407,,,0.0173,0.5527,,
2015-01-29,13.4047,,,0.0177,0.5527,,
2015-01-30,13.5973,,,0.0168,0.5527,,
2015-02-02,13.598,,,0.0168,0.5527,,
2015-02-03,14.2147,,,0.0179,0.5527,,
2015-02-04,14.5527,,,0.0181,0.5527,,
2015-02-05,14.6587,,,0.0183,0.5527,,
2015-02-06,14.8,,,0.0195,0.5527,,
2015-02-09,14.3587,,,0.0196,0.5527,,
2015-02-10,14.5033,,,0.0201,0.5527,,
2015-02-11,14.1473,,,0.0200,0.5527,,
2015-02-12,12.9047,,,0.0199,0.5527,,
2015-02-13,13.5267,,,0.0202,0.5527,,
2015-02-17,13.7133,,,0.0214,0.5527,,
2015-02-18,13.6113,,,0.0207,0.5527,,
2015-02-19,13.6667,,,0.0211,0.5527,,
2015-02-20,14.052,,,0.0213,0.5527,,
2015-02-23,14.3773,,,0.0206,0.5527,,
2015-02-24,13.8193,,,0.0199,0.5527,,
2015-02-25,13.6627,,,0.0196,0.5527,,
2015-02-26,13.6,,,0.0203,0.5527,,
2015-02-27,13.7933,,,0.0200,0.5527,,
2015-03-02,13.5133,,,0.0208,0.5527,,
2015-03-03,13.1207,,,0.0212,0.5527,,
2015-03-04,13.2833,,,0.0212,0.5527,,
2015-03-05,13.5233,,,0.0211,0.5527,,
2015-03-06,13.2807,,,0.0224,0.5527,,
2015-03-09,12.9593,,,0.0220,0.5527,,
2015-03-10,12.564,,,0.0214,0.5527,,
2015-03-11,12.7433,,,0.0211,0.5527,,
2015-03-12,12.9167,,,0.0210,0.5527,,
2015-03-13,12.5967,,,0.0213,0.5527,,
2015-03-16,12.8,,,0.0210,0.5527,,
2015-03-17,13.0287,,,0.0206,0.5527,,
2015-03-18,12.9973,,,0.0193,0.5527,,
2015-03-19,13.4667,,,0.0198,0.5527,,
2015-03-20,13.1633,,,0.0193,0.5527,,
2015-03-23,13.2333,,,0.0192,0.5527,,
2015-03-24,13.4387,,,0.0188,0.5527,,
2015-03-25,13.218,,,0.0193,0.5527,,
2015-03-26,12.928,,,0.0201,0.5527,,
2015-03-27,12.6047,,,0.0195,0.5527,,
2015-03-30,12.39,,,0.0196,0.5527,,
2015-03-31,12.902,,,0.0194,0.5527,,
2015-04-01,12.58,,,0.0187,0.5527,,
2015-04-02,12.682,,,0.0192,0.5527,,
2015-04-06,13.2,,,0.0192,0.5527,,
2015-04-07,13.5007,,,0.0189,0.5527,,
2015-04-08,13.88,,,0.0192,0.5527,,
2015-04-09,13.8953,,,0.0197,0.5527,,
2015-04-10,13.99,,,0.0196,0.5527,,
2015-04-13,14.029,,,0.0194,0.5527,,
2015-04-14,13.9047,,,0.0190,0.5527,,
2015-04-15,13.8307,,,0.0191,0.5527,,
2015-04-16,13.8467,,,0.0190,0.5527,,
2015-04-17,13.666,,,0.0187,0.5527,,
2015-04-20,13.7853,,,0.0190,0.5527,,
2015-04-21,13.72,,,0.0192,0.5527,,
2015-04-22,14.1667,,,0.0199,0.5527,,
2015-04-23,14.5513,,,0.0196,0.5527,,
2015-04-24,14.7,,,0.0193,0.5527,,
2015-04-27,14.8373,,,0.0194,0.5527,,
2015-04-28,15.65,,,0.0200,0.5527,,
2015-04-29,15.3367,,,0.0206,0.5527,,
2015-04-30,15.3593,,,0.0205,0.5527,,
2015-05-01,15.3293,,,0.0212,0.5527,,
2015-05-04,15.212,,,0.0216,0.5527,,
2015-05-05,15.8507,,,0.0219,0.5527,,
2015-05-06,15.6067,,,0.0225,0.5527,,
2015-05-07,14.7333,,,0.0218,0.5527,,
2015-05-08,15.7327,,,0.0216,0.5527,,
2015-05-11,15.7527,,,0.0228,0.5527,,
2015-05-12,16.0073,,,0.0228,0.5527,,
2015-05-13,16.5073,,,0.0227,0.5527,,
2015-05-14,16.3213,,,0.0223,0.5527,,
2015-05-15,16.262,,,0.0214,0.5527,,
2015-05-18,16.4667,,,0.0223,0.5527,,
2015-05-19,16.562,,,0.0227,0.5527,,
2015-05-20,16.4753,,,0.0226,0.5527,,
2015-05-21,16.202,,,0.0219,0.5527,,
2015-05-22,16.3587,,,0.0221,0.5527,,
2015-05-26,16.512,,,0.0214,0.5527,,
2015-05-27,16.5673,,,0.0214,0.5527,,
2015-05-28,16.4687,,,0.0213,0.5527,,
2015-05-29,16.7333,,,0.0212,0.5527,,
2015-06-01,16.7607,,,0.0219,0.5527,,
2015-06-02,16.5947,,,0.0227,0.5527,,
2015-06-03,16.5467,,,0.0238,0.5527,,
2015-06-04,16.5,,,0.0231,0.5527,,
2015-06-05,16.4,,,0.0241,0.5527,,
2015-06-08,16.7233,,,0.0239,0.5527,,
2015-06-09,17.0267,,,0.0242,0.5527,,
2015-06-10,16.7933,,,0.0250,0.5527,,
2015-06-11,16.884,,,0.0239,0.5527,,
2015-06-12,16.6807,,,0.0239,0.5527,,
2015-06-15,16.6467,,,0.0236,0.5527,,
2015-06-16,16.6753,,,0.0232,0.5527,,
2015-06-17,16.8113,,,0.0232,0.5527,,
2015-06-18,17.4667,,,0.0235,0.5527,,
2015-06-19,17.4933,,,0.0226,0.5527,,
2015-06-22,17.4767,,,0.0237,0.5527,,
2015-06-23,17.3547,,,0.0242,0.5527,,
2015-06-24,17.7987,,,0.0238,0.5527,,
2015-06-25,17.7633,,,0.0240,0.5527,,
2015-06-26,17.926,,,0.0249,0.5527,,
2015-06-29,17.4633,,,0.0233,0.5527,,
2015-06-30,17.6533,,,0.0235,0.5527,,
2015-07-01,18.074,,,0.0243,0.5527,,
2015-07-02,18.6797,,,0.0240,0.5527,,
2015-07-06,18.592,,,0.0230,0.5527,,
2015-07-07,18.3333,,,0.0227,0.5527,,
2015-07-08,17.288,,,0.0222,0.5527,,
2015-07-09,17.272,,,0.0232,0.5527,,
2015-07-10,17.4813,,,0.0242,0.5527,,
2015-07-13,17.4833,,,0.0244,0.5527,,
2015-07-14,17.4733,,,0.0241,0.5527,,
2015-07-15,17.7827,,,0.0236,0.5527,,
2015-07-16,17.6147,,,0.0236,0.5527,,
2015-07-17,18.1667,,,0.0234,0.5527,,
2015-07-20,18.3333,,,0.0238,0.5527,,
2015-07-21,18.0033,,,0.0235,0.5527,,
2015-07-22,17.418,,,0.0233,0.5527,,
2015-07-23,17.9767,,,0.0228,0.5527,,
2015-07-24,17.8253,,,0.0227,0.5527,,
2015-07-27,17.4953,,,0.0223,0.5527,,
2015-07-28,17.05,,,0.0226,0.5527,,
2015-07-29,17.618,,,0.0229,0.5527,,
2015-07-30,17.5127,,,0.0228,0.5527,,
2015-07-31,17.84,,,0.0220,0.5527,,
2015-08-03,17.7527,,,0.0216,0.5527,,
2015-08-04,17.334,,,0.0223,0.5527,,
2015-08-05,17.572,,,0.0228,0.5527,,
2015-08-06,16.636,,,0.0223,0.5527,,
2015-08-07,16.2387,,,0.0218,0.5527,,
2015-08-10,15.8767,,,0.0224,0.5527,,
2015-08-11,15.81,,,0.0215,0.5527,,
2015-08-12,15.6667,,,0.0214,0.5527,,
2015-08-13,15.9907,,,0.0219,0.5527,,
2015-08-14,16.4827,,,0.0220,0.5527,,
2015-08-17,17.0373,,,0.0216,0.5527,,
2015-08-18,17.0253,,,0.0220,0.5527,,
2015-08-19,17.3553,,,0.0212,0.5527,,
2015-08-20,16.804,,,0.0209,0.5527,,
2015-08-21,15.7333,,,0.0205,0.5527,,
2015-08-24,13.5193,,,0.0201,0.5527,,
2015-08-25,15.368,,,0.0212,0.5527,,
2015-08-26,15.1953,,,0.0218,0.5527,,
2015-08-27,15.4,,,0.0218,0.5527,,
2015-08-28,16.124,,,0.0219,0.5527,,
2015-08-31,16.3847,,,0.0221,0.5527,,
2015-09-01,16.0227,,,0.0217,0.5527,,
2015-09-02,16.3427,,,0.0220,0.5527,,
2015-09-03,16.804,,,0.0218,0.5527,,
2015-09-04,16.0593,,,0.0213,0.5527,,
2015-09-08,16.3367,,,0.0220,0.5527,,
2015-09-09,16.8033,,,0.0221,0.5527,,
2015-09-10,16.482,,,0.0223,0.5527,,
2015-09-11,16.5093,,,0.0220,0.5527,,
2015-09-14,16.74,,,0.0218,0.5527,,
2015-09-15,16.85,,,0.0228,0.5527,,
2015-09-16,16.8693,,,0.0230,0.5527,,
2015-09-17,17.5973,,,0.0221,0.5527,,
2015-09-18,17.1973,,,0.0213,0.5527,,
2015-09-21,17.5987,,,0.0220,0.5527,,
2015-09-22,17.2687,,,0.0214,0.5527,,
2015-09-23,17.4633,,,0.0216,0.5527,,
2015-09-24,17.302,,,0.0213,0.5527,,
2015-09-25,17.774,,,0.0217,0.5527,,
2015-09-28,17.1567,,,0.0210,0.5527,,
2015-09-29,16.6973,,,0.0205,0.5527,,
2015-09-30,16.8,,,0.0206,0.5527,,
2015-10-01,16.5007,,,0.0205,0.5527,,
2015-10-02,15.7067,,,0.0199,0.5527,,
2015-10-05,16.5893,,,0.0207,0.5527,,
2015-10-06,16,,,0.0205,0.5527,,
2015-10-07,15.7753,,,0.0208,0.5527,,
2015-10-08,15.3387,,,0.0212,0.5527,,
2015-10-09,14.7287,,,0.0212,0.5527,,
2015-10-12,14.866,,,0.0212,0.5527,,
2015-10-13,14.2187,,,0.0206,0.5527,,
2015-10-14,14.7113,,,0.0199,0.5527,,
2015-10-15,14.4287,,,0.0204,0.5527,,
2015-10-16,14.8693,,,0.0204,0.5527,,
2015-10-19,15.1,,,0.0204,0.5527,,
2015-10-20,15.1813,,,0.0208,0.5527,,
2015-10-21,14.1327,,,0.0204,0.5527,,
2015-10-22,14.104,,,0.0204,0.5527,,
2015-10-23,14.3333,,,0.0209,0.5527,,
2015-10-26,14.092,,,0.0207,0.5527,,
2015-10-27,14.3227,,,0.0205,0.5527,,
2015-10-28,14.0873,,,0.0210,0.5527,,
2015-10-29,14.1167,,,0.0219,0.5527,,
2015-10-30,14.0267,,,0.0216,0.5527,,
2015-11-02,13.928,,,0.0220,0.5527,,
2015-11-03,14.2567,,,0.0223,0.5527,,
2015-11-04,15.1333,,,0.0225,0.5527,,
2015-11-05,15.372,,,0.0226,0.5527,,
2015-11-06,15.38,,,0.0234,0.5527,,
2015-11-09,15.5327,,,0.0236,0.5527,,
2015-11-10,14.8987,,,0.0232,0.5527,,
2015-11-11,14.518,,,0.0232,0.5527,,
2015-11-12,14.5233,,,0.0232,0.5527,,
2015-11-13,14.1967,,,0.0228,0.5527,,
2015-11-16,13.7393,,,0.0227,0.5527,,
2015-11-17,14.3467,,,0.0225,0.5527,,
2015-11-18,14.3,,,0.0227,0.5527,,
2015-11-19,14.7027,,,0.0224,0.5527,,
2015-11-20,14.8993,,,0.0226,0.5527,,
2015-11-23,14.49,,,0.0225,0.5527,,
2015-11-24,14.358,,,0.0224,0.5527,,
2015-11-25,14.756,,,0.0223,0.5527,,
2015-11-27,15.404,,,0.0222,0.5527,,
2015-11-30,15.4527,,,0.0221,0.5527,,
2015-12-01,15.404,,,0.0215,0.5527,,
2015-12-02,15.8,,,0.0218,0.5527,,
2015-12-03,15.6987,,,0.0233,0.5527,,
2015-12-04,15.4973,,,0.0228,0.5527,,
2015-12-07,15.18,,,0.0223,0.5527,,
2015-12-08,15.168,,,0.0224,0.5527,,
2015-12-09,15.1133,,,0.0222,0.5527,,
2015-12-10,14.9807,,,0.0224,0.5527,,
2015-12-11,15.016,,,0.0213,0.5527,,
2015-12-14,14.5007,,,0.0223,0.5527,,
2015-12-15,14.788,,,0.0228,0.5527,,
2015-12-16,14.8067,,,0.0230,0.5527,,
2015-12-17,15.596,,,0.0224,0.5527,,
2015-12-18,15.526,,,0.0219,0.5527,,
2015-12-21,15.446,,,0.0220,0.5527,,
2015-12-22,15.666,,,0.0224,0.5527,,
2015-12-23,15.4787,,,0.0227,0.5527,,
2015-12-24,15.3707,,,0.0225,0.5527,,
2015-12-28,15.4327,,,0.0224,0.5527,,
2015-12-29,15.3373,,,0.0232,0.5527,,
2015-12-30,15.7733,,,0.0231,0.5527,,
2015-12-31,15.9007,,,0.0227,0.5527,,
2016-01-04,15.3813,,,0.0224,0.5527,,
2016-01-05,15.0907,,,0.0225,0.5527,,
2016-01-06,14.6667,,,0.0218,0.5527,,
2016-01-07,14.2793,,,0.0216,0.5527,,
2016-01-08,14.524,,,0.0213,0.5527,,
2016-01-11,14.2673,,,0.0217,0.5527,,
2016-01-12,14.1067,,,0.0212,0.5527,,
2016-01-13,14.134,,,0.0208,0.5527,,
2016-01-14,13.4807,,,0.0210,0.5527,,
2016-01-15,13.2647,,,0.0203,0.5527,,
2016-01-19,13.914,,,0.0206,0.5527,,
2016-01-20,13.2933,,,0.0201,0.5527,,
2016-01-21,13.4367,,,0.0202,0.5527,,
2016-01-22,13.6534,,,0.0207,0.5527,,
2016-01-25,13.3373,,,0.0203,0.5527,,
2016-01-26,13.1133,,,0.0201,0.5527,,
2016-01-27,12.8253,,,0.0202,0.5527,,
2016-01-28,12.7193,,,0.0200,0.5527,,
2016-01-29,12.6633,,,0.0194,0.5527,,
2016-02-01,12.584,,,0.0197,0.5527,,
2016-02-02,12.828,,,0.0187,0.5527,,
2016-02-03,12.2393,,,0.0188,0.5527,,
2016-02-04,11.38,,,0.0187,0.5527,,
2016-02-05,11.42,,,0.0186,0.5527,,
2016-02-08,10.4737,,,0.0175,0.5527,,
2016-02-09,9.488,,,0.0174,0.5527,,
2016-02-10,10.0333,,,0.0171,0.5527,,
2016-02-11,10.1333,,,0.0163,0.5527,,
2016-02-12,10.3333,,,0.0174,0.5527,,
2016-02-16,10.58,,,0.0178,0.5527,,
2016-02-17,10.6,,,0.0181,0.5527,,
2016-02-18,11.4947,,,0.0175,0.5527,,
2016-02-19,10.9107,,,0.0176,0.5527,,
2016-02-22,11.3413,,,0.0177,0.5527,,
2016-02-23,11.744,,,0.0174,0.5527,,
2016-02-24,11.5167,,,0.0175,0.5527,,
2016-02-25,11.91,,,0.0171,0.5527,,
2016-02-26,12.58,,,0.0176,0.5527,,
2016-02-29,12.8267,,,0.0174,0.5527,,
2016-03-01,12.95,,,0.0183,0.5527,,
2016-03-02,12.2487,,,0.0184,0.5527,,
2016-03-03,12.552,,,0.0183,0.5527,,
2016-03-04,13.2,,,0.0188,0.5527,,
2016-03-07,13.1787,,,0.0191,0.5527,,
2016-03-08,13.5667,,,0.0183,0.5527,,
2016-03-09,13.6347,,,0.0190,0.5527,,
2016-03-10,14,,,0.0193,0.5527,,
2016-03-11,13.862,,,0.0198,0.5527,,
2016-03-14,14.1767,,,0.0197,0.5527,,
2016-03-15,14.2847,,,0.0197,0.5527,,
2016-03-16,14.5333,,,0.0194,0.5527,,
2016-03-17,14.7647,,,0.0191,0.5527,,
2016-03-18,15.2733,,,0.0188,0.5527,,
2016-03-21,15.6893,,,0.0192,0.5527,,
2016-03-22,15.814,,,0.0194,0.5527,,
2016-03-23,15.4913,,,0.0188,0.5527,,
2016-03-24,14.3853,,,0.0191,0.5527,,
2016-03-28,15.4407,,,0.0189,0.5527,,
2016-03-29,15.326,,,0.0181,0.5527,,
2016-03-30,15.6727,,,0.0183,0.5527,,
2016-03-31,15.2893,,,0.0178,0.5527,,
2016-04-01,16.3217,,,0.0179,0.5527,,
2016-04-04,16.608,,,0.0178,0.5527,,
2016-04-05,16.0333,,,0.0173,0.5527,,
2016-04-06,16.9313,,,0.0176,0.5527,,
2016-04-07,17.7633,,,0.0170,0.5527,,
2016-04-08,17.3667,,,0.0172,0.5527,,
2016-04-11,16.7333,,,0.0173,0.5527,,
2016-04-12,16.6333,,,0.0179,0.5527,,
2016-04-13,16.5673,,,0.0177,0.5527,,
2016-04-14,16.8667,,,0.0180,0.5527,,
2016-04-15,16.754,,,0.0176,0.5527,,
2016-04-18,16.8153,,,0.0178,0.5527,,
2016-04-19,16.8747,,,0.0179,0.5527,,
2016-04-20,16.4173,,,0.0185,0.5527,,
2016-04-21,16.5993,,,0.0188,0.5527,,
2016-04-22,16.5927,,,0.0189,0.5527,,
2016-04-25,16.8673,,,0.0191,0.5527,,
2016-04-26,16.8033,,,0.0194,0.5527,,
2016-04-27,16.85,,,0.0187,0.5527,,
2016-04-28,16.6567,,,0.0184,0.5527,,
2016-04-29,16.5427,,,0.0183,0.5527,,
2016-05-02,16.1,,,0.0188,0.5527,,
2016-05-03,15.824,,,0.0181,0.5527,,
2016-05-04,15.3527,,,0.0179,0.5527,,
2016-05-05,15.2307,,,0.0176,0.5527,,
2016-05-06,14.058,,,0.0179,0.5527,,
2016-05-09,14.3813,,,0.0177,0.5527,,
2016-05-10,13.8367,,,0.0177,0.5527,,
2016-05-11,13.8393,,,0.0173,0.5527,,
2016-05-12,14.096,,,0.0175,0.5527,,
2016-05-13,13.852,,,0.0171,0.5527,,
2016-05-16,13.8767,,,0.0175,0.5527,,
2016-05-17,13.9367,,,0.0176,0.5527,,
2016-05-18,13.9433,,,0.0187,0.5527,,
2016-05-19,14.2413,,,0.0185,0.5527,,
2016-05-20,14.466,,,0.0185,0.5527,,
2016-05-23,14.658,,,0.0184,0.5527,,
2016-05-24,14.44,,,0.0186,0.5527,,
2016-05-25,14.5273,,,0.0187,0.5527,,
2016-05-26,14.7,,,0.0183,0.5527,,
2016-05-27,14.9993,,,0.0185,0.5527,,
2016-05-31,14.8693,,,0.0184,0.5527,,
2016-06-01,14.7653,,,0.0185,0.5527,,
2016-06-02,14.6393,,,0.0181,0.5527,,
2016-06-03,14.6667,,,0.0171,0.5527,,
2016-06-06,14.5333,,,0.0173,0.5527,,
2016-06-07,14.816,,,0.0172,0.5527,,
2016-06-08,15.5867,,,0.0171,0.5527,,
2016-06-09,15.6653,,,0.0168,0.5527,,
2016-06-10,15.1593,,,0.0164,0.5527,,
2016-06-13,14.6333,,,0.0162,0.5527,,
2016-06-14,14.592,,,0.0162,0.5527,,
2016-06-15,14.4633,,,0.0160,0.5527,,
2016-06-16,14.4947,,,0.0157,0.5527,,
2016-06-17,14.5207,,,0.0162,0.5527,,
2016-06-20,14.6333,,,0.0167,0.5527,,
2016-06-21,14.712,,,0.0171,0.5527,,
2016-06-22,13.298,,,0.0169,0.5527,,
2016-06-23,13.046,,,0.0174,0.5527,,
2016-06-24,12.67,,,0.0157,0.5527,,
2016-06-27,12.724,,,0.0146,0.5527,,
2016-06-28,13.4593,,,0.0146,0.5527,,
2016-06-29,13.6753,,,0.0150,0.5527,,
2016-06-30,14.198,,,0.0149,0.5527,,
2016-07-01,13.7427,,,0.0146,0.5527,,
2016-07-05,13.982,,,0.0137,0.5527,,
2016-07-06,14,,,0.0138,0.5527,,
2016-07-07,14.2067,,,0.0140,0.5527,,
2016-07-08,14.52,,,0.0137,0.5527,,
2016-07-11,14.664,,,0.0143,0.5527,,
2016-07-12,14.94,,,0.0153,0.5527,,
2016-07-13,15.0333,,,0.0148,0.5527,,
2016-07-14,14.8747,,,0.0153,0.5527,,
2016-07-15,14.8347,,,0.0160,0.5527,,
2016-07-18,14.6427,,,0.0159,0.5527,,
2016-07-19,15,,,0.0156,0.5527,,
2016-07-20,15.098,,,0.0159,0.5527,,
2016-07-21,15.0667,,,0.0157,0.5527,,
2016-07-22,14.7993,,,0.0157,0.5527,,
2016-07-25,14.818,,,0.0158,0.5527,,
2016-07-26,15.1793,,,0.0157,0.5527,,
2016-07-27,15.2893,,,0.0152,0.5527,,
2016-07-28,15.1967,,,0.0152,0.5527,,
2016-07-29,15.38,,,0.0146,0.5527,,
2016-08-01,15.7,,,0.0151,0.5527,,
2016-08-02,15.2913,,,0.0155,0.5527,,
2016-08-03,15.158,,,0.0155,0.5527,,
2016-08-04,15.046,,,0.0151,0.5527,,
2016-08-05,15.3333,,,0.0159,0.5527,,
2016-08-08,15.2,,,0.0159,0.5527,,
2016-08-09,15.1213,,,0.0155,0.5527,,
2016-08-10,15.216,,,0.0150,0.5527,,
2016-08-11,15.078,,,0.0157,0.5527,,
2016-08-12,15.0273,,,0.0151,0.5527,,
2016-08-15,15.068,,,0.0155,0.5527,,
2016-08-16,15.0327,,,0.0157,0.5527,,
2016-08-17,14.9553,,,0.0155,0.5527,,
2016-08-18,14.9213,,,0.0154,0.5527,,
2016-08-19,14.9027,,,0.0158,0.5527,,
2016-08-22,14.9447,,,0.0154,0.5527,,
2016-08-23,14.9547,,,0.0155,0.5527,,
2016-08-24,15.1367,,,0.0156,0.5527,,
2016-08-25,14.874,,,0.0157,0.5527,,
2016-08-26,14.8093,,,0.0163,0.5527,,
2016-08-29,14.6767,,,0.0156,0.5527,,
2016-08-30,14.4073,,,0.0157,0.5527,,
2016-08-31,14.0287,,,0.0158,0.5527,,
2016-09-01,13.934,,,0.0157,0.5527,,
2016-09-02,13.4887,,,0.0160,0.5527,,
2016-09-06,13.268,,,0.0153,0.5527,,
2016-09-07,13.7,,,0.0154,0.5527,,
2016-09-08,13.3033,,,0.0160,0.5527,,
2016-09-09,13.2727,,,0.0167,0.5527,,
2016-09-12,13,,,0.0166,0.5527,,
2016-09-13,13.1373,,,0.0173,0.5527,,
2016-09-14,13.05,,,0.0170,0.5527,,
2016-09-15,13.0993,,,0.0169,0.5527,,
2016-09-16,13.3613,,,0.0169,0.5527,,
2016-09-19,13.8,,,0.0171,0.5527,,
2016-09-20,13.79,,,0.0169,0.5527,,
2016-09-21,13.758,,,0.0165,0.5527,,
2016-09-22,13.76,,,0.0162,0.5527,,
2016-09-23,13.7327,,,0.0162,0.5527,,
2016-09-26,13.7667,,,0.0158,0.5527,,
2016-09-27,13.9767,,,0.0156,0.5527,,
2016-09-28,13.834,,,0.0157,0.5527,,
2016-09-29,13.7067,,,0.0156,0.5527,,
2016-09-30,13.4807,,,0.0159,0.5527,,
2016-10-03,14.1533,,,0.0162,0.5527,,
2016-10-04,14.2067,,,0.0169,0.5527,,
2016-10-05,14.1493,,,0.0170,0.5527,,
2016-10-06,13.4973,,,0.0174,0.5527,,
2016-10-07,13.4,,,0.0172,0.5527,,
2016-10-10,13.4233,,,0.0172,0.5527,,
2016-10-11,13.4567,,,0.0176,0.5527,,
2016-10-12,13.3967,,,0.0177,0.5527,,
2016-10-13,13.3667,,,0.0174,0.5527,,
2016-10-14,13.3773,,,0.0180,0.5527,,
2016-10-17,13.1367,,,0.0177,0.5527,,
2016-10-18,13.066,,,0.0174,0.5527,,
2016-10-19,13.316,,,0.0174,0.5527,,
2016-10-20,13.4747,,,0.0176,0.5527,,
2016-10-21,13.24,,,0.0173,0.5527,,
2016-10-24,13.4,,,0.0176,0.5527,,
2016-10-25,13.5267,,,0.0176,0.5527,,
2016-10-26,13.4,,,0.0179,0.5527,,
2016-10-27,14.0893,,,0.0185,0.5527,,
2016-10-28,13.6,,,0.0185,0.5527,,
2016-10-31,13.4993,,,0.0183,0.5527,,
2016-11-01,13.2027,,,0.0183,0.5527,,
2016-11-02,12.67,,,0.0180,0.5527,,
2016-11-03,12.6,,,0.0181,0.5527,,
2016-11-04,12.6,,,0.0178,0.5527,,
2016-11-07,12.906,,,0.0183,0.5527,,
2016-11-08,12.9193,,,0.0185,0.5527,,
2016-11-09,12.4583,,,0.0206,0.5527,,
2016-11-10,12.7367,,,0.0215,0.5527,,
2016-11-11,12.2827,,,0.0215,0.5527,,
2016-11-14,12.5333,,,0.0226,0.5527,,
2016-11-15,12.1853,,,0.0222,0.5527,,
2016-11-16,12.1767,,,0.0222,0.5527,,
2016-11-17,12.2327,,,0.0230,0.5527,,
2016-11-18,12.71,,,0.0235,0.5527,,
2016-11-21,12.336,,,0.0232,0.5527,,
2016-11-22,12.3893,,,0.0231,0.5527,,
2016-11-23,12.7073,,,0.0235,0.5527,,
2016-11-25,12.9093,,,0.0236,0.5527,,
2016-11-28,13.032,,,0.0231,0.5527,,
2016-11-29,13.0373,,,0.0229,0.5527,,
2016-11-30,12.7333,,,0.0238,0.5527,,
2016-12-01,12.55,,,0.0245,0.5527,,
2016-12-02,12.192,,,0.0238,0.5527,,
2016-12-05,12.1673,,,0.0239,0.5527,,
2016-12-06,12.368,,,0.0239,0.5527,,
2016-12-07,12.41,,,0.0234,0.5527,,
2016-12-08,12.8033,,,0.0241,0.5527,,
2016-12-09,12.7247,,,0.0247,0.5527,,
2016-12-12,12.8533,,,0.0247,0.5527,,
2016-12-13,12.8787,,,0.0247,0.5527,,
2016-12-14,13.2493,,,0.0257,0.5527,,
2016-12-15,13.2273,,,0.0260,0.5527,,
2016-12-16,13.2053,,,0.0259,0.5527,,
2016-12-19,13.4993,,,0.0254,0.5527,,
2016-12-20,13.5367,,,0.0256,0.5527,,
2016-12-21,13.8967,,,0.0253,0.5527,,
2016-12-22,13.8813,,,0.0255,0.5527,,
2016-12-23,13.8667,,,0.0254,0.5527,,
2016-12-27,14.3253,,,0.0256,0.5527,,
2016-12-28,14.7687,,,0.0251,0.5527,,
2016-12-29,14.5707,,,0.0248,0.5527,,
2016-12-30,14.42,,,0.0244,0.5527,,
2017-01-03,14.324,,,0.0244,0.5527,,
2017-01-04,14.3167,,,0.0244,0.5527,,
2017-01-05,15.0947,,,0.0234,0.5527,,
2017-01-06,15.1287,,,0.0242,0.5527,,
2017-01-09,15.2647,,,0.0236,0.5527,,
2017-01-10,15.4667,,,0.0238,0.5527,,
2017-01-11,15.2713,,,0.0237,0.5527,,
2017-01-12,15.2707,,,0.0236,0.5527,,
2017-01-13,15.3333,,,0.0240,0.5527,,
2017-01-17,15.78,,,0.0233,0.5527,,
2017-01-18,15.7767,,,0.0243,0.5527,,
2017-01-19,16.4833,,,0.0247,0.5527,,
2017-01-20,16.364,,,0.0247,0.5527,,
2017-01-23,16.39,,,0.0240,0.5527,,
2017-01-24,16.6667,,,0.0247,0.5527,,
2017-01-25,17.154,,,0.0251,0.5527,,
2017-01-26,16.9527,,,0.0250,0.5527,,
2017-01-27,16.7587,,,0.0248,0.5527,,
2017-01-30,16.8353,,,0.0249,0.5527,,
2017-01-31,16.616,,,0.0245,0.5527,,
2017-02-01,16.87,,,0.0247,0.5527,,
2017-02-02,16.556,,,0.0247,0.5527,,
2017-02-03,16.794,,,0.0246,0.5527,,
2017-02-06,16.7333,,,0.0241,0.5527,,
2017-02-07,17.2127,,,0.0239,0.5527,,
2017-02-08,17.1567,,,0.0234,0.5527,,
2017-02-09,17.75,,,0.0239,0.5527,,
2017-02-10,17.986,,,0.0241,0.5527,,
2017-02-13,18.0493,,,0.0244,0.5527,,
2017-02-14,18.602,,,0.0247,0.5527,,
2017-02-15,18.6667,,,0.0249,0.5527,,
2017-02-16,18.5067,,,0.0245,0.5527,,
2017-02-17,17.72,,,0.0241,0.5527,,
2017-02-21,18.3633,,,0.0243,0.5527,,
2017-02-22,18.6873,,,0.0241,0.5527,,
2017-02-23,17.6,,,0.0237,0.5527,,
2017-02-24,16.844,,,0.0231,0.5527,,
2017-02-27,16.5447,,,0.0237,0.5527,,
2017-02-28,16.2793,,,0.0239,0.5527,,
2017-03-01,16.9453,,,0.0245,0.5527,,
2017-03-02,16.6473,,,0.0248,0.5527,,
2017-03-03,16.716,,,0.0248,0.5527,,
2017-03-06,16.5273,,,0.0250,0.5527,,
2017-03-07,16.7947,,,0.0252,0.5527,,
2017-03-08,16.4667,,,0.0256,0.5527,,
2017-03-09,16.5087,,,0.0261,0.5527,,
2017-03-10,16.414,,,0.0257,0.5527,,
2017-03-13,16.3213,,,0.0263,0.5527,,
2017-03-14,16.4073,,,0.0260,0.5527,,
2017-03-15,17.1333,,,0.0249,0.5527,,
2017-03-16,17.4933,,,0.0254,0.5527,,
2017-03-17,17.6,,,0.0250,0.5527,,
2017-03-20,17.3733,,,0.0246,0.5527,,
2017-03-21,17.522,,,0.0242,0.5527,,
2017-03-22,16.7707,,,0.0241,0.5527,,
2017-03-23,17.026,,,0.0242,0.5527,,
2017-03-24,17.0467,,,0.0241,0.5527,,
2017-03-27,17.3733,,,0.0238,0.5527,,
2017-03-28,18.468,,,0.0242,0.5527,,
2017-03-29,18.556,,,0.0238,0.5527,,
2017-03-30,18.536,,,0.0242,0.5527,,
2017-03-31,18.582,,,0.0239,0.5527,,
2017-04-03,19.1267,,,0.0232,0.5527,,
2017-04-04,19.7927,,,0.0236,0.5527,,
2017-04-05,20.136,,,0.0234,0.5527,,
2017-04-06,19.792,,,0.0234,0.5527,,
2017-04-07,19.8333,,,0.0238,0.5527,,
2017-04-10,20.61,,,0.0237,0.5527,,
2017-04-11,20.892,,,0.0230,0.5527,,
2017-04-12,20.4227,,,0.0224,0.5527,,
2017-04-13,19.78,,,0.0224,0.5527,,
2017-04-17,20.18,,,0.0225,0.5527,,
2017-04-18,19.98,,,0.0217,0.5527,,
2017-04-19,20.164,,,0.0221,0.5527,,
2017-04-20,20.434,,,0.0223,0.5527,,
2017-04-21,20.1333,,,0.0225,0.5527,,
2017-04-24,20.6147,,,0.0227,0.5527,,
2017-04-25,20.5333,,,0.0233,0.5527,,
2017-04-26,20.8247,,,0.0230,0.5527,,
2017-04-27,20.7793,,,0.0229,0.5527,,
2017-04-28,20.6553,,,0.0228,0.5527,,
2017-05-01,20.992,,,0.0232,0.5527,,
2017-05-02,21.6,,,0.0228,0.5527,,
2017-05-03,21.178,,,0.0232,0.5527,,
2017-05-04,20.4957,,,0.0235,0.5527,,
2017-05-05,19.8667,,,0.0235,0.5527,,
2017-05-08,20.7267,,,0.0239,0.5527,,
2017-05-09,20.6253,,,0.0240,0.5527,,
2017-05-10,21.4373,,,0.0241,0.5527,,
2017-05-11,21.56,,,0.0239,0.5527,,
2017-05-12,21.6987,,,0.0233,0.5527,,
2017-05-15,21.2253,,,0.0234,0.5527,,
2017-05-16,21.1727,,,0.0233,0.5527,,
2017-05-17,20.9593,,,0.0222,0.5527,,
2017-05-18,20.4667,,,0.0223,0.5527,,
2017-05-19,21.0333,,,0.0223,0.5527,,
2017-05-22,20.8533,,,0.0225,0.5527,,
2017-05-23,20.6973,,,0.0228,0.5527,,
2017-05-24,20.434,,,0.0225,0.5527,,
2017-05-25,20.7347,,,0.0226,0.5527,,
2017-05-26,21.152,,,0.0225,0.5527,,
2017-05-30,21.7333,,,0.0221,0.5527,,
2017-05-31,22.5127,,,0.0220,0.5527,,
2017-06-01,22.9333,,,0.0221,0.5527,,
2017-06-02,22.6513,,,0.0216,0.5527,,
2017-06-05,22.5667,,,0.0218,0.5527,,
2017-06-06,22.98,,,0.0215,0.5527,,
2017-06-07,23.756,,,0.0217,0.5527,,
2017-06-08,24.25,,,0.0219,0.5527,,
2017-06-09,24.9613,,,0.0220,0.5527,,
2017-06-12,23.866,,,0.0221,0.5527,,
2017-06-13,24.508,,,0.0221,0.5527,,
2017-06-14,25.4057,,,0.0213,0.5527,,
2017-06-15,24.8333,,,0.0216,0.5527,,
2017-06-16,25.1983,,,0.0215,0.5527,,
2017-06-19,25,,,0.0219,0.5527,,
2017-06-20,25.1113,,,0.0216,0.5527,,
2017-06-21,24.9567,,,0.0216,0.5527,,
2017-06-22,25.1993,,,0.0215,0.5527,,
2017-06-23,25.4967,,,0.0214,0.5527,,
2017-06-26,25.7793,,,0.0214,0.5527,,
2017-06-27,25.0933,,,0.0221,0.5527,,
2017-06-28,24.4453,,,0.0223,0.5527,,
2017-06-29,24.7073,,,0.0227,0.5527,,
2017-06-30,24.2473,,,0.0230,0.5527,,
2017-07-03,24.6827,,,0.0235,0.5527,,
2017-07-05,23.1467,,,0.0232,0.5527,,
2017-07-06,21.1507,,,0.0237,0.5527,,
2017-07-07,20.9,,,0.0239,0.5527,,
2017-07-10,20.86,,,0.0237,0.5527,,
2017-07-11,21.0667,,,0.0236,0.5527,,
2017-07-12,22.0267,,,0.0232,0.5527,,
2017-07-13,22.0073,,,0.0234,0.5527,,
2017-07-14,21.546,,,0.0233,0.5527,,
2017-07-17,21.7027,,,0.0231,0.5527,,
2017-07-18,21.1667,,,0.0226,0.5527,,
2017-07-19,21.882,,,0.0227,0.5527,,
2017-07-20,21.7933,,,0.0226,0.5527,,
2017-07-21,21.964,,,0.0224,0.5527,,
2017-07-24,22.016,,,0.0226,0.5527,,
2017-07-25,23,,,0.0234,0.5527,,
2017-07-26,22.6907,,,0.0229,0.5527,,
2017-07-27,23.0667,,,0.0231,0.5527,,
2017-07-28,22.4593,,,0.0229,0.5527,,
2017-07-31,22.3667,,,0.0229,0.5527,,
2017-08-01,21.5333,,,0.0225,0.5527,,
2017-08-02,21.2627,,,0.0227,0.5527,,
2017-08-03,23.022,,,0.0222,0.5527,,
2017-08-04,23.1333,,,0.0226,0.5527,,
2017-08-07,23.8233,,,0.0225,0.5527,,
2017-08-08,23.8353,,,0.0226,0.5527,,
2017-08-09,24.0667,,,0.0225,0.5527,,
2017-08-10,24.1067,,,0.0220,0.5527,,
2017-08-11,23.798,,,0.0219,0.5527,,
2017-08-14,24.3087,,,0.0222,0.5527,,
2017-08-15,24.3467,,,0.0227,0.5527,,
2017-08-16,24.2,,,0.0222,0.5527,,
2017-08-17,24.0807,,,0.0219,0.5527,,
2017-08-18,23.5273,,,0.0219,0.5527,,
2017-08-21,23.0547,,,0.0218,0.5527,,
2017-08-22,22.742,,,0.0221,0.5527,,
2017-08-23,22.5993,,,0.0217,0.5527,,
2017-08-24,23.5013,,,0.0219,0.5527,,
2017-08-25,23.616,,,0.0217,0.5527,,
2017-08-28,23.152,,,0.0216,0.5527,,
2017-08-29,22.632,,,0.0213,0.5527,,
2017-08-30,23.3113,,,0.0213,0.5527,,
2017-08-31,23.57,,,0.0212,0.5527,,
2017-09-01,23.7413,,,0.0217,0.5527,,
2017-09-05,23.5867,,,0.0206,0.5527,,
2017-09-06,23.3,,,0.0210,0.5527,,
2017-09-07,23.0653,,,0.0204,0.5527,,
2017-09-08,23.266,,,0.0205,0.5527,,
2017-09-11,23.4233,,,0.0213,0.5527,,
2017-09-12,24.2993,,,0.0217,0.5527,,
2017-09-13,24.2547,,,0.0219,0.5527,,
2017-09-14,24.2887,,,0.0218,0.5527,,
2017-09-15,24.9673,,,0.0220,0.5527,,
2017-09-18,25.35,,,0.0223,0.5527,,
2017-09-19,25.3333,,,0.0224,0.5527,,
2017-09-20,24.8667,,,0.0227,0.5527,,
2017-09-21,24.9933,,,0.0228,0.5527,,
2017-09-22,24.4327,,,0.0225,0.5527,,
2017-09-25,23.5433,,,0.0222,0.5527,,
2017-09-26,23.3953,,,0.0224,0.5527,,
2017-09-27,23.3267,,,0.0231,0.5527,,
2017-09-28,22.6587,,,0.0231,0.5527,,
2017-09-29,22.7907,,,0.0233,0.5527,,
2017-10-02,22.8347,,,0.0234,0.5527,,
2017-10-03,22.3933,,,0.0232,0.5527,,
2017-10-04,23.4167,,,0.0232,0.5527,,
2017-10-05,23.7333,,,0.0235,0.5527,,
2017-10-06,23.54,,,0.0236,0.5527,,
2017-10-09,23.31,,,0.0236,0.5527,,
2017-10-10,23.12,,,0.0236,0.5527,,
2017-10-11,23.5927,,,0.0235,0.5527,,
2017-10-12,23.53,,,0.0232,0.5527,,
2017-10-13,23.7987,,,0.0227,0.5527,,
2017-10-16,23.584,,,0.0230,0.5527,,
2017-10-17,23.394,,,0.0230,0.5527,,
2017-10-18,23.7313,,,0.0235,0.5527,,
2017-10-19,23.704,,,0.0232,0.5527,,
2017-10-20,23.5127,,,0.0238,0.5527,,
2017-10-23,23.3253,,,0.0237,0.5527,,
2017-10-24,22.5867,,,0.0242,0.5527,,
2017-10-25,22.4467,,,0.0243,0.5527,,
2017-10-26,21.852,,,0.0246,0.5527,,
2017-10-27,21.3167,,,0.0241,0.5527,,
2017-10-30,21.2787,,,0.0237,0.5527,,
2017-10-31,21.3487,,,0.0238,0.5527,,
2017-11-01,22.15,,,0.0237,0.5527,,
2017-11-02,20.0087,,,0.0235,0.5527,,
2017-11-03,19.9667,,,0.0233,0.5527,,
2017-11-06,20.4667,,,0.0232,0.5527,,
2017-11-07,20.068,,,0.0231,0.5527,,
2017-11-08,20.3667,,,0.0233,0.5527,,
2017-11-09,20.1667,,,0.0234,0.5527,,
2017-11-10,20.1667,,,0.0240,0.5527,,
2017-11-13,20.0087,,,0.0241,0.5527,,
2017-11-14,21,,,0.0237,0.5527,,
2017-11-15,20.4007,,,0.0232,0.5527,,
2017-11-16,20.9327,,,0.0238,0.5527,,
2017-11-17,21.7113,,,0.0234,0.5527,,
2017-11-20,20.9193,,,0.0237,0.5527,,
2017-11-21,20.724,,,0.0236,0.5527,,
2017-11-22,21.118,,,0.0232,0.5527,,
2017-11-24,20.9193,,,0.0234,0.5527,,
2017-11-27,20.8833,,,0.0232,0.5527,,
2017-11-28,21.0907,,,0.0234,0.5527,,
2017-11-29,21.1533,,,0.0237,0.5527,,
2017-11-30,20.5707,,,0.0242,0.5527,,
2017-12-01,20.3627,,,0.0237,0.5527,,
2017-12-04,20.4333,,,0.0237,0.5527,,
2017-12-05,20.1333,,,0.0236,0.5527,,
2017-12-06,20.0067,,,0.0233,0.5527,,
2017-12-07,20.8,,,0.0237,0.5527,,
2017-12-08,20.9733,,,0.0238,0.5527,,
2017-12-11,20.9753,,,0.0239,0.5527,,
2017-12-12,22.03,,,0.0240,0.5527,,
2017-12-13,22.7287,,,0.0236,0.5527,,
2017-12-14,22.734,,,0.0235,0.5527,,
2017-12-15,22.8027,,,0.0235,0.5527,,
2017-12-18,22.9933,,,0.0239,0.5527,,
2017-12-19,22.684,,,0.0246,0.5527,,
2017-12-20,22.1793,,,0.0249,0.5527,,
2017-12-21,21.9727,,,0.0248,0.5527,,
2017-12-22,21.9673,,,0.0248,0.5527,,
2017-12-26,21.5887,,,0.0247,0.5527,,
2017-12-27,21.0667,,,0.0242,0.5527,,
2017-12-28,20.7833,,,0.0243,0.5527,,
2017-12-29,21.0787,,,0.0240,0.5527,,
2018-01-02,20.8,,,0.0246,0.5527,,
2018-01-03,21.4,,,0.0244,0.5527,,
2018-01-04,20.858,,,0.0246,0.5527,,
2018-01-05,21.108,,,0.0247,0.5527,,
2018-01-08,21.0667,,,0.0249,0.5527,,
2018-01-09,22.344,,,0.0255,0.5527,,
2018-01-10,22.1467,,,0.0255,0.5527,,
2018-01-11,22.3493,,,0.0254,0.5527,,
2018-01-12,22.5753,,,0.0255,0.5527,,
2018-01-16,22.5027,,,0.0254,0.5527,,
2018-01-17,22.698,,,0.0257,0.5527,,
2018-01-18,23.0447,,,0.0262,0.5527,,
2018-01-19,23,,,0.0264,0.5527,,
2018-01-22,23.2933,,,0.0266,0.5527,,
2018-01-23,24,,,0.0263,0.5527,,
2018-01-24,23.6387,,,0.0265,0.5527,,
2018-01-25,23.218,,,0.0263,0.5527,,
2018-01-26,22.7667,,,0.0266,0.5527,,
2018-01-29,22.6567,,,0.0270,0.5527,,
2018-01-30,23.0093,,,0.0273,0.5527,,
2018-01-31,23.1673,,,0.0272,0.5527,,
2018-02-01,23.4,,,0.0278,0.5527,,
2018-02-02,23.2293,,,0.0284,0.5527,,
2018-02-05,22.5313,,,0.0277,0.5527,,
2018-02-06,21.6807,,,0.0279,0.5527,,
2018-02-07,22.5993,,,0.0284,0.5527,,
2018-02-08,22.8873,,,0.0285,0.5527,,
2018-02-09,21.3287,,,0.0283,0.5527,,
2018-02-12,21.0753,,,0.0286,0.5527,,
2018-02-13,21.0013,,,0.0283,0.5527,,
2018-02-14,21.3893,,,0.0291,0.5527,,
2018-02-15,21.6333,,,0.0290,0.5527,,
2018-02-16,22.1667,,,0.0287,0.5527,,
2018-02-20,22.298,,,0.0288,0.5527,,
2018-02-21,22.402,,,0.0294,0.5527,,
2018-02-22,22.3687,,,0.0292,0.5527,,
2018-02-23,23.1887,,,0.0288,0.5527,,
2018-02-26,23.5667,,,0.0286,0.5527,,
2018-02-27,23.75,,,0.0290,0.5527,,
2018-02-28,23.5047,,,0.0287,0.5527,,
2018-03-01,23.0007,,,0.0281,0.5527,,
2018-03-02,21.7987,,,0.0286,0.5527,,
2018-03-05,22.1593,,,0.0288,0.5527,,
2018-03-06,22.25,,,0.0288,0.5527,,
2018-03-07,21.696,,,0.0289,0.5527,,
2018-03-08,22.1907,,,0.0286,0.5527,,
2018-03-09,21.6067,,,0.0290,0.5527,,
2018-03-12,21.9073,,,0.0287,0.5527,,
2018-03-13,22.9947,,,0.0284,0.5527,,
2018-03-14,22.4507,,,0.0281,0.5527,,
2018-03-15,21.9587,,,0.0282,0.5527,,
2018-03-16,21.7307,,,0.0285,0.5527,,
2018-03-19,21.1,,,0.0285,0.5527,,
2018-03-20,20.9913,,,0.0289,0.5527,,
2018-03-21,20.6833,,,0.0289,0.5527,,
2018-03-22,20.926,,,0.0283,0.5527,,
2018-03-23,20.75,,,0.0282,0.5527,,
2018-03-26,20.4893,,,0.0285,0.5527,,
2018-03-27,20.2667,,,0.0278,0.5527,,
2018-03-28,17.6387,,,0.0277,0.5527,,
2018-03-29,17.0993,,,0.0274,0.5527,,
2018-04-02,17.084,,,0.0273,0.5527,,
2018-04-03,17.988,,,0.0279,0.5527,,
2018-04-04,16.852,,,0.0279,0.5527,,
2018-04-05,19.2893,,,0.0283,0.5527,,
2018-04-06,20.0667,,,0.0277,0.5527,,
2018-04-09,20.0247,,,0.0278,0.5527,,
2018-04-10,19.9313,,,0.0280,0.5527,,
2018-04-11,20.0494,,,0.0279,0.5527,,
2018-04-12,20.1547,,,0.0283,0.5527,,
2018-04-13,20.24,,,0.0282,0.5527,,
2018-04-16,19.9333,,,0.0283,0.5527,,
2018-04-17,19.258,,,0.0282,0.5527,,
2018-04-18,19.4053,,,0.0287,0.5527,,
2018-04-19,19.4053,,,0.0292,0.5527,,
2018-04-20,19.678,,,0.0296,0.5527,,
2018-04-23,19.4193,,,0.0298,0.5527,,
2018-04-24,19,,,0.0300,0.5527,,
2018-04-25,18.9,,,0.0303,0.5527,,
2018-04-26,18.5833,,,0.0300,0.5527,,
2018-04-27,19.0247,,,0.0296,0.5527,,
2018-04-30,19.574,,,0.0295,0.5527,,
2018-05-01,19.5673,,,0.0297,0.5527,,
2018-05-02,19.9047,,,0.0297,0.5527,,
2018-05-03,18.586,,,0.0294,0.5527,,
2018-05-04,18.8667,,,0.0295,0.5527,,
2018-05-07,19.8333,,,0.0295,0.5527,,
2018-05-08,20.053,,,0.0297,0.5527,,
2018-05-09,20.0273,,,0.0300,0.5527,,
2018-05-10,20.5,,,0.0297,0.5527,,
2018-05-11,20.5133,,,0.0297,0.5527,,
2018-05-14,20.2213,,,0.0300,0.5527,,
2018-05-15,19.0007,,,0.0308,0.5527,,
2018-05-16,18.922,,,0.0309,0.5527,,
2018-05-17,19.06,,,0.0311,0.5527,,
2018-05-18,18.9767,,,0.0306,0.5527,,
2018-05-21,18.7553,,,0.0306,0.5527,,
2018-05-22,19.1841,,,0.0306,0.5527,,
2018-05-23,18.5173,,,0.0301,0.5527,,
2018-05-24,18.56,,,0.0298,0.5527,,
2018-05-25,18.5083,,,0.0293,0.5527,,
2018-05-29,18.5673,,,0.0277,0.5527,,
2018-05-30,18.886,,,0.0284,0.5527,,
2018-05-31,19.1473,,,0.0283,0.5527,,
2018-06-01,19.0573,,,0.0289,0.5527,,
2018-06-04,19.6227,,,0.0294,0.5527,,
2018-06-05,19.8467,,,0.0292,0.5527,,
2018-06-06,20.0333,,,0.0297,0.5527,,
2018-06-07,21.0767,,,0.0293,0.5527,,
2018-06-08,21.2667,,,0.0293,0.5527,,
2018-06-11,21.5007,,,0.0296,0.5527,,
2018-06-12,22.98,,,0.0296,0.5527,,
2018-06-13,23.1137,,,0.0298,0.5527,,
2018-06-14,23.1753,,,0.0294,0.5527,,
2018-06-15,23.5893,,,0.0293,0.5527,,
2018-06-18,23.6933,,,0.0292,0.5527,,
2018-06-19,24.344,,,0.0289,0.5527,,
2018-06-20,23.8693,,,0.0293,0.5527,,
2018-06-21,24.1333,,,0.0290,0.5527,,
2018-06-22,23.436,,,0.0290,0.5527,,
2018-06-25,22.008,,,0.0287,0.5527,,
2018-06-26,22.4036,,,0.0288,0.5527,,
2018-06-27,23,,,0.0283,0.5527,,
2018-06-28,23.244,,,0.0284,0.5527,,
2018-06-29,23.5553,,,0.0285,0.5527,,
2018-07-02,24.0047,,,0.0287,0.5527,,
2018-07-03,22.1167,,,0.0283,0.5527,,
2018-07-05,20.9173,,,0.0284,0.5527,,
2018-07-06,20.3303,,,0.0282,0.5527,,
2018-07-09,20.7993,,,0.0286,0.5527,,
2018-07-10,21.6373,,,0.0287,0.5527,,
2018-07-11,21.0533,,,0.0285,0.5527,,
2018-07-12,21.4287,,,0.0285,0.5527,,
2018-07-13,21.0387,,,0.0283,0.5527,,
2018-07-16,20.7807,,,0.0285,0.5527,,
2018-07-17,20.5873,,,0.0286,0.5527,,
2018-07-18,21.6667,,,0.0288,0.5527,,
2018-07-19,21.0887,,,0.0284,0.5527,,
2018-07-20,21.4153,,,0.0289,0.5527,,
2018-07-23,20.1227,,,0.0296,0.5527,,
2018-07-24,20.2947,,,0.0295,0.5527,,
2018-07-25,19.7827,,,0.0294,0.5527,,
2018-07-26,20.3233,,,0.0298,0.5527,,
2018-07-27,20.4833,,,0.0296,0.5527,,
2018-07-30,19.7267,,,0.0298,0.5527,,
2018-07-31,19.4833,,,0.0296,0.5527,,
2018-08-01,19.866,,,0.0300,0.5527,,
2018-08-02,21.896,,,0.0298,0.5527,,
2018-08-03,23.1873,,,0.0295,0.5527,,
2018-08-06,23.0307,,,0.0294,0.5527,,
2018-08-07,22.9227,,,0.0298,0.5527,,
2018-08-08,24.606,,,0.0296,0.5527,,
2018-08-09,24.37,,,0.0293,0.5527,,
2018-08-10,23.6,,,0.0287,0.5527,,
2018-08-13,24.0753,,,0.0288,0.5527,,
2018-08-14,23.8967,,,0.0289,0.5527,,
2018-08-15,22.7937,,,0.0286,0.5527,,
2018-08-16,22.6607,,,0.0287,0.5527,,
2018-08-17,21.5667,,,0.0287,0.5527,,
2018-08-20,19.4469,,,0.0282,0.5527,,
2018-08-21,20.7073,,,0.0285,0.5527,,
2018-08-22,21.3913,,,0.0282,0.5527,,
2018-08-23,21.276,,,0.0282,0.5527,,
2018-08-24,21.38,,,0.0282,0.5527,,
2018-08-27,21.2,,,0.0285,0.5527,,
2018-08-28,21.2273,,,0.0288,0.5527,,
2018-08-29,20.6847,,,0.0289,0.5527,,
2018-08-30,20.1507,,,0.0286,0.5527,,
2018-08-31,20.1333,,,0.0286,0.5527,,
2018-09-04,19.796,,,0.0290,0.5527,,
2018-09-05,19.0033,,,0.0290,0.5527,,
2018-09-06,18.9867,,,0.0288,0.5527,,
2018-09-07,17.34,,,0.0294,0.5527,,
2018-09-10,18.2173,,,0.0294,0.5527,,
2018-09-11,18.6313,,,0.0298,0.5527,,
2018-09-12,18.7627,,,0.0297,0.5527,,
2018-09-13,19.2013,,,0.0297,0.5527,,
2018-09-14,19.2507,,,0.0299,0.5527,,
2018-09-17,19.336,,,0.0299,0.5527,,
2018-09-18,19.7793,,,0.0305,0.5527,,
2018-09-19,18.7007,,,0.0308,0.5527,,
2018-09-20,20.2373,,,0.0307,0.5527,,
2018-09-21,19.8467,,,0.0307,0.5527,,
2018-09-24,19.8987,,,0.0308,0.5527,,
2018-09-25,20,,,0.0310,0.5527,,
2018-09-26,20.1273,,,0.0306,0.5527,,
2018-09-27,20.86,,,0.0306,0.5527,,
2018-09-28,18.0173,,,0.0305,0.5527,,
2018-10-01,20.3847,,,0.0309,0.5527,,
2018-10-02,20.93,,,0.0305,0.5527,,
2018-10-03,20.222,,,0.0315,0.5527,,
2018-10-04,19.5967,,,0.0319,0.5527,,
2018-10-05,18.31,,,0.0323,0.5527,,
2018-10-08,17.6347,,,0.0323,0.5527,,
2018-10-09,17.0167,,,0.0321,0.5527,,
2018-10-10,17.6407,,,0.0322,0.5527,,
2018-10-11,17.1687,,,0.0314,0.5527,,
2018-10-12,17.4,,,0.0315,0.5527,,
2018-10-15,17.2707,,,0.0316,0.5527,,
2018-10-16,17.7133,,,0.0316,0.5527,,
2018-10-17,18.8267,,,0.0319,0.5527,,
2018-10-18,17.9527,,,0.0317,0.5527,,
2018-10-19,17.826,,,0.0320,0.5527,,
2018-10-22,17.3787,,,0.0320,0.5527,,
2018-10-23,17.5913,,,0.0317,0.5527,,
2018-10-24,20.07,,,0.0310,0.5527,,
2018-10-25,21.148,,,0.0314,0.5527,,
2018-10-26,20.55,,,0.0308,0.5527,,
2018-10-29,22.498,,,0.0308,0.5527,,
2018-10-30,21.8927,,,0.0312,0.5527,,
2018-10-31,22.1693,,,0.0315,0.5527,,
2018-11-01,22.5507,,,0.0314,0.5527,,
2018-11-02,22.916,,,0.0322,0.5527,,
2018-11-05,22.7,,,0.0320,0.5527,,
2018-11-06,22.6047,,,0.0322,0.5527,,
2018-11-07,22.8893,,,0.0322,0.5527,,
2018-11-08,23.2333,,,0.0324,0.5527,,
2018-11-09,23.2667,,,0.0319,0.5527,,
2018-11-12,23.2247,,,0.0319,0.5527,,
2018-11-13,22.2107,,,0.0314,0.5527,,
2018-11-14,22.8467,,,0.0312,0.5527,,
2018-11-15,22.822,,,0.0311,0.5527,,
2018-11-16,23.0127,,,0.0308,0.5527,,
2018-11-19,23.756,,,0.0306,0.5527,,
2018-11-20,22.7833,,,0.0306,0.5527,,
2018-11-21,23.4667,,,0.0306,0.5527,,
2018-11-23,22.2897,,,0.0305,0.5527,,
2018-11-26,21.6667,,,0.0307,0.5527,,
2018-11-27,22.67,,,0.0306,0.5527,,
2018-11-28,23.066,,,0.0306,0.5527,,
2018-11-29,23.1333,,,0.0303,0.5527,,
2018-11-30,22.7887,,,0.0301,0.5527,,
2018-12-03,24,,,0.0298,0.5527,,
2018-12-04,23.7367,,,0.0291,0.5527,,
2018-12-06,23.734,,,0.0287,0.5527,,
2018-12-07,24.6,,,0.0285,0.5527,,
2018-12-10,24,,,0.0285,0.5527,,
2018-12-11,24.6607,,,0.0289,0.5527,,
2018-12-12,24.628,,,0.0291,0.5527,,
2018-12-13,24.6767,,,0.0291,0.5527,,
2018-12-14,25,,,0.0289,0.5527,,
2018-12-17,24.1333,,,0.0286,0.5527,,
2018-12-18,23.3693,,,0.0282,0.5527,,
2018-12-19,22.5067,,,0.0277,0.5527,,
2018-12-20,21.8036,,,0.0279,0.5527,,
2018-12-21,21.16,,,0.0279,0.5527,,
2018-12-24,20.9,,,0.0274,0.5527,,
2018-12-26,20,,,0.0281,0.5527,,
2018-12-27,21.3227,,,0.0277,0.5527,,
2018-12-28,21.54,,,0.0272,0.5527,,
2018-12-31,22.5193,,,0.0269,0.5527,,
2019-01-02,20.4067,,,0.0266,0.5527,,
2019-01-03,20.4667,,,0.0256,0.5527,,
2019-01-04,20.4,,,0.0267,0.5527,,
2019-01-07,21.448,,,0.0270,0.5527,,
2019-01-08,22.7973,,,0.0273,0.5527,,
2019-01-09,22.3667,,,0.0274,0.5527,,
2019-01-10,22.2933,,,0.0274,0.5527,,
2019-01-11,22.806,,,0.0271,0.5527,,
2019-01-14,22.8253,,,0.0271,0.5527,,
2019-01-15,22.3333,,,0.0272,0.5527,,
2019-01-16,22.9853,,,0.0273,0.5527,,
2019-01-17,23.0807,,,0.0275,0.5527,,
2019-01-18,21.5333,,,0.0279,0.5527,,
2019-01-22,20.3213,,,0.0274,0.5527,,
2019-01-23,19.5,,,0.0276,0.5527,,
2019-01-24,18.8687,,,0.0272,0.5527,,
2019-01-25,19.626,,,0.0276,0.5527,,
2019-01-28,19.5273,,,0.0275,0.5527,,
2019-01-29,19.6847,,,0.0272,0.5527,,
2019-01-30,20.03,,,0.0270,0.5527,,
2019-01-31,20.0667,,,0.0263,0.5527,,
2019-02-01,20.3613,,,0.0270,0.5527,,
2019-02-04,20.8653,,,0.0273,0.5527,,
2019-02-05,20.8327,,,0.0271,0.5527,,
2019-02-06,21.306,,,0.0270,0.5527,,
2019-02-07,20.8867,,,0.0265,0.5527,,
2019-02-08,20.4553,,,0.0263,0.5527,,
2019-02-11,20.7733,,,0.0265,0.5527,,
2019-02-12,21.08,,,0.0268,0.5527,,
2019-02-13,20.8233,,,0.0271,0.5527,,
2019-02-14,20.2253,,,0.0266,0.5527,,
2019-02-15,20.3,,,0.0266,0.5527,,
2019-02-19,20.4373,,,0.0265,0.5527,,
2019-02-20,20.294,,,0.0265,0.5527,,
2019-02-21,20.1207,,,0.0269,0.5527,,
2019-02-22,19.6327,,,0.0265,0.5527,,
2019-02-25,19.8607,,,0.0267,0.5527,,
2019-02-26,19.4813,,,0.0264,0.5527,,
2019-02-27,20.1187,,,0.0269,0.5527,,
2019-02-28,21.2613,,,0.0273,0.5527,,
2019-03-01,20.4627,,,0.0276,0.5527,,
2019-03-04,19.8747,,,0.0272,0.5527,,
2019-03-05,18.8,,,0.0272,0.5527,,
2019-03-06,18.432,,,0.0269,0.5527,,
2019-03-07,18.5893,,,0.0264,0.5527,,
2019-03-08,18.4607,,,0.0262,0.5527,,
2019-03-11,18.9013,,,0.0264,0.5527,,
2019-03-12,19.0993,,,0.0261,0.5527,,
2019-03-13,18.9267,,,0.0261,0.5527,,
2019-03-14,19.4967,,,0.0263,0.5527,,
2019-03-15,18.9007,,,0.0259,0.5527,,
2019-03-18,18.4,,,0.0260,0.5527,,
2019-03-19,17.8333,,,0.0261,0.5527,,
2019-03-20,17.9793,,,0.0254,0.5527,,
2019-03-21,18.1733,,,0.0254,0.5527,,
2019-03-22,18.172,,,0.0244,0.5527,,
2019-03-25,17.314,,,0.0243,0.5527,,
2019-03-26,17.6293,,,0.0241,0.5527,,
2019-03-27,17.9167,,,0.0239,0.5527,,
2019-03-28,18.4773,,,0.0239,0.5527,,
2019-03-29,18.58,,,0.0241,0.5527,,
2019-04-01,18.8413,,,0.0249,0.5527,,
2019-04-02,19.22,,,0.0248,0.5527,,
2019-04-03,19.1547,,,0.0252,0.5527,,
2019-04-04,17.4593,,,0.0251,0.5527,,
2019-04-05,17.9907,,,0.0250,0.5527,,
2019-04-08,18.5127,,,0.0252,0.5527,,
2019-04-09,18.11,,,0.0251,0.5527,,
2019-04-10,18.4493,,,0.0248,0.5527,,
2019-04-11,17.8867,,,0.0251,0.5527,,
2019-04-12,18.0147,,,0.0256,0.5527,,
2019-04-15,17.9087,,,0.0255,0.5527,,
2019-04-16,17.7167,,,0.0260,0.5527,,
2019-04-17,18.3167,,,0.0259,0.5527,,
2019-04-18,18.082,,,0.0257,0.5527,,
2019-04-22,17.9333,,,0.0259,0.5527,,
2019-04-23,17.3433,,,0.0257,0.5527,,
2019-04-24,17.59,,,0.0253,0.5527,,
2019-04-25,17,,,0.0254,0.5527,,
2019-04-26,16.4333,,,0.0251,0.5527,,
2019-04-29,15.724,,,0.0254,0.5527,,
2019-04-30,16.1373,,,0.0251,0.5527,,
2019-05-01,15.9233,,,0.0252,0.5527,,
2019-05-02,16.368,,,0.0255,0.5527,,
2019-05-03,16.2573,,,0.0254,0.5527,,
2019-05-06,16.668,,,0.0251,0.5527,,
2019-05-07,17.12,,,0.0245,0.5527,,
2019-05-08,16.4627,,,0.0249,0.5527,,
2019-05-09,16.1333,,,0.0245,0.5527,,
2019-05-10,15.9833,,,0.0247,0.5527,,
2019-05-13,15.4673,,,0.0240,0.5527,,
2019-05-14,15.2867,,,0.0242,0.5527,,
2019-05-15,15.288,,,0.0237,0.5527,,
2019-05-16,15.2993,,,0.0240,0.5527,,
2019-05-17,14.7973,,,0.0239,0.5527,,
2019-05-20,13.52,,,0.0241,0.5527,,
2019-05-21,13.184,,,0.0243,0.5527,,
2019-05-22,13.2733,,,0.0239,0.5527,,
2019-05-23,12.956,,,0.0231,0.5527,,
2019-05-24,13.322,,,0.0232,0.5527,,
2019-05-28,12.7467,,,0.0226,0.5527,,
2019-05-29,12.4733,,,0.0225,0.5527,,
2019-05-30,12.5833,,,0.0222,0.5527,,
2019-05-31,12.34,,,0.0214,0.5527,,
2019-06-03,12.3673,,,0.0207,0.5527,,
2019-06-04,12.0733,,,0.0212,0.5527,,
2019-06-05,13.2453,,,0.0212,0.5527,,
2019-06-06,13.6293,,,0.0212,0.5527,,
2019-06-07,13.6667,,,0.0209,0.5527,,
2019-06-10,14.0167,,,0.0215,0.5527,,
2019-06-11,14.6096,,,0.0215,0.5527,,
2019-06-12,14.8633,,,0.0213,0.5527,,
2019-06-13,14.0253,,,0.0210,0.5527,,
2019-06-14,14.0833,,,0.0209,0.5527,,
2019-06-17,14.3653,,,0.0209,0.5527,,
2019-06-18,15.248,,,0.0206,0.5527,,
2019-06-19,15.0073,,,0.0203,0.5527,,
2019-06-20,14.8667,,,0.0201,0.5527,,
2019-06-21,14.4147,,,0.0207,0.5527,,
2019-06-24,14.8827,,,0.0202,0.5527,,
2019-06-25,14.9593,,,0.0200,0.5527,,
2019-06-26,14.6873,,,0.0205,0.5527,,
2019-06-27,14.63,,,0.0201,0.5527,,
2019-06-28,14.7327,,,0.0200,0.5527,,
2019-07-01,15.3473,,,0.0203,0.5527,,
2019-07-02,15.2593,,,0.0198,0.5527,,
2019-07-03,15.9593,,,0.0196,0.5527,,
2019-07-05,15.638,,,0.0204,0.5527,,
2019-07-08,15.416,,,0.0205,0.5527,,
2019-07-09,15.2647,,,0.0207,0.5527,,
2019-07-10,15.61,,,0.0207,0.5527,,
2019-07-11,15.876,,,0.0213,0.5527,,
2019-07-12,15.9833,,,0.0212,0.5527,,
2019-07-15,16.5333,,,0.0209,0.5527,,
2019-07-16,16.62,,,0.0213,0.5527,,
2019-07-17,17.0447,,,0.0206,0.5527,,
2019-07-18,17.0033,,,0.0204,0.5527,,
2019-07-19,17.046,,,0.0205,0.5527,,
2019-07-22,17.25,,,0.0205,0.5527,,
2019-07-23,17.114,,,0.0208,0.5527,,
2019-07-24,17.278,,,0.0205,0.5527,,
2019-07-25,15.5667,,,0.0208,0.5527,,
2019-07-26,15.128,,,0.0208,0.5527,,
2019-07-29,15.1393,,,0.0206,0.5527,,
2019-07-30,15.5267,,,0.0206,0.5527,,
2019-07-31,16.2,,,0.0202,0.5527,,
2019-08-01,16.1767,,,0.0190,0.5527,,
2019-08-02,15.4233,,,0.0186,0.5527,,
2019-08-05,15.3067,,,0.0175,0.5527,,
2019-08-06,15.4587,,,0.0173,0.5527,,
2019-08-07,15.1,,,0.0171,0.5527,,
2019-08-08,15.63,,,0.0172,0.5527,,
2019-08-09,15.7369,,,0.0174,0.5527,,
2019-08-12,15.5327,,,0.0165,0.5527,,
2019-08-13,15.254,,,0.0168,0.5527,,
2019-08-14,15.414,,,0.0159,0.5527,,
2019-08-15,14.724,,,0.0152,0.5527,,
2019-08-16,14.444,,,0.0155,0.5527,,
2019-08-19,14.9473,,,0.0160,0.5527,,
2019-08-20,15.1747,,,0.0155,0.5527,,
2019-08-21,14.8007,,,0.0159,0.5527,,
2019-08-22,14.8533,,,0.0162,0.5527,,
2019-08-23,14.6647,,,0.0152,0.5527,,
2019-08-26,14.24,,,0.0154,0.5527,,
2019-08-27,14.3827,,,0.0149,0.5527,,
2019-08-28,14.246,,,0.0147,0.5527,,
2019-08-29,14.6,,,0.0150,0.5527,,
2019-08-30,15.2767,,,0.0150,0.5527,,
2019-09-03,14.9387,,,0.0147,0.5527,,
2019-09-04,15.126,,,0.0147,0.5527,,
2019-09-05,14.8333,,,0.0157,0.5527,,
2019-09-06,15.1467,,,0.0155,0.5527,,
2019-09-09,15.3333,,,0.0163,0.5527,,
2019-09-10,15.3867,,,0.0172,0.5527,,
2019-09-11,15.8253,,,0.0175,0.5527,,
2019-09-12,16.5133,,,0.0179,0.5527,,
2019-09-13,16.464,,,0.0190,0.5527,,
2019-09-16,16.4,,,0.0184,0.5527,,
2019-09-17,16.1647,,,0.0181,0.5527,,
2019-09-18,16.3333,,,0.0180,0.5527,,
2019-09-19,16.4,,,0.0179,0.5527,,
2019-09-20,16.4327,,,0.0174,0.5527,,
2019-09-23,16,,,0.0172,0.5527,,
2019-09-24,16.1013,,,0.0164,0.5527,,
2019-09-25,14.9707,,,0.0173,0.5527,,
2019-09-26,15.3773,,,0.0170,0.5527,,
2019-09-27,16.1467,,,0.0169,0.5527,,
2019-09-30,16.2,,,0.0168,0.5527,,
2019-10-01,16.1,,,0.0165,0.5527,,
2019-10-02,16.2193,,,0.0160,0.5527,,
2019-10-03,15.4573,,,0.0154,0.5527,,
2019-10-04,15.4407,,,0.0152,0.5527,,
2019-10-07,15.32,,,0.0156,0.5527,,
2019-10-08,15.7247,,,0.0154,0.5527,,
2019-10-09,16.088,,,0.0159,0.5527,,
2019-10-10,16.352,,,0.0167,0.5527,,
2019-10-11,16.4767,,,0.0176,0.5527,,
2019-10-14,16.5267,,,0.0176,0.5527,,
2019-10-15,17.18,,,0.0177,0.5527,,
2019-10-16,17.1593,,,0.0175,0.5527,,
2019-10-17,17.5,,,0.0176,0.5527,,
2019-10-18,17.38,,,0.0176,0.5527,,
2019-10-21,17.222,,,0.0180,0.5527,,
2019-10-22,16.9547,,,0.0178,0.5527,,
2019-10-23,16.9667,,,0.0177,0.5527,,
2019-10-24,19.8913,,,0.0177,0.5527,,
2019-10-25,19.848,,,0.0180,0.5527,,
2019-10-28,21.836,,,0.0185,0.5527,,
2019-10-29,21.3327,,,0.0184,0.5527,,
2019-10-30,20.8667,,,0.0178,0.5527,,
2019-10-31,20.8733,,,0.0169,0.5527,,
2019-11-01,21.088,,,0.0173,0.5527,,
2019-11-04,20.9867,,,0.0179,0.5527,,
2019-11-05,21.308,,,0.0186,0.5527,,
2019-11-06,21.2,,,0.0181,0.5527,,
2019-11-07,21.9427,,,0.0192,0.5527,,
2019-11-08,22.3,,,0.0194,0.5527,,
2019-11-11,22.93,,,0.0194,0.5527,,
2019-11-12,23.1267,,,0.0192,0.5527,,
2019-11-13,23.6667,,,0.0188,0.5527,,
2019-11-14,23.074,,,0.0182,0.5527,,
2019-11-15,23.376,,,0.0184,0.5527,,
2019-11-18,23.5278,,,0.0181,0.5527,,
2019-11-19,23.45,,,0.0179,0.5527,,
2019-11-20,24,,,0.0173,0.5527,,
2019-11-21,23.634,,,0.0177,0.5527,,
2019-11-22,22.6773,,,0.0177,0.5527,,
2019-11-25,22.9547,,,0.0176,0.5527,,
2019-11-26,22.3513,,,0.0174,0.5527,,
2019-11-27,22.0747,,,0.0177,0.5527,,
2019-11-29,22.074,,,0.0178,0.5527,,
2019-12-02,21.96,,,0.0183,0.5527,,
2019-12-03,22.1747,,,0.0172,0.5527,,
2019-12-04,22.5167,,,0.0177,0.5527,,
2019-12-05,22.1887,,,0.0180,0.5527,,
2019-12-06,22.3333,,,0.0184,0.5527,,
2019-12-09,22.4393,,,0.0183,0.5527,,
2019-12-10,22.664,,,0.0185,0.5527,,
2019-12-11,23.4584,,,0.0179,0.5527,,
2019-12-12,23.6613,,,0.0190,0.5527,,
2019-12-13,24.07,,,0.0182,0.5527,,
2019-12-16,24.17,,,0.0189,0.5527,,
2019-12-17,25.266,,,0.0189,0.5527,,
2019-12-18,25.3753,,,0.0192,0.5527,,
2019-12-19,26.488,,,0.0192,0.5527,,
2019-12-20,27.3527,,,0.0192,0.5527,,
2019-12-23,27.452,,,0.0193,0.5527,,
2019-12-24,27.8907,,,0.0190,0.5527,,
2019-12-26,28.5273,,,0.0190,0.5527,,
2019-12-27,29,,,0.0188,0.5527,,
2019-12-30,28.586,,,0.0190,0.5527,,
2019-12-31,27,,,0.0192,0.5527,,
2020-01-02,28.3,,,0.0188,0.5527,,
2020-01-03,29.3667,,,0.0180,0.5527,,
2020-01-06,29.3647,,,0.0181,0.5527,,
2020-01-07,30.76,,,0.0183,0.5527,,
2020-01-08,31.58,,,0.0187,0.5527,,
2020-01-09,33.14,,,0.0185,0.5527,,
2020-01-10,32.1193,,,0.0183,0.5527,,
2020-01-13,32.9,,,0.0185,0.5527,,
2020-01-14,36.2837,,,0.0182,0.5527,,
2020-01-15,35.3173,,,0.0179,0.5527,,
2020-01-16,32.9167,,,0.0181,0.5527,,
2020-01-17,33.8407,,,0.0184,0.5527,,
2020-01-21,35.35,,,0.0178,0.5527,,
2020-01-22,38.126,,,0.0177,0.5527,,
2020-01-23,37.6167,,,0.0174,0.5527,,
2020-01-24,38.042,,,0.0170,0.5527,,
2020-01-27,36.1327,,,0.0161,0.5527,,
2020-01-28,37.8993,,,0.0165,0.5527,,
2020-01-29,38.3793,,,0.0160,0.5527,,
2020-01-30,42.1613,,,0.0157,0.5527,,
2020-01-31,42.6667,,,0.0151,0.5527,,
2020-02-03,44.9127,,,0.0154,0.5527,,
2020-02-04,58.864,,,0.0161,0.5527,,
2020-02-05,54.884,,,0.0166,0.5527,,
2020-02-06,46.6613,,,0.0165,0.5527,,
2020-02-07,48.7033,,,0.0159,0.5527,,
2020-02-10,53.3333,,,0.0156,0.5527,,
2020-02-11,51.2527,,,0.0159,0.5527,,
2020-02-12,51.858,,,0.0162,0.5527,,
2020-02-13,49.456,,,0.0161,0.5527,,
2020-02-14,52.4813,,,0.0159,0.5527,,
2020-02-18,56.1067,,,0.0155,0.5527,,
2020-02-19,61.5667,,,0.0156,0.5527,,
2020-02-20,60.7967,,,0.0152,0.5527,,
2020-02-21,60.4653,,,0.0146,0.5527,,
2020-02-24,55.9333,,,0.0138,0.5527,,
2020-02-25,56.6,,,0.0133,0.5527,,
2020-02-26,52.1667,,,0.0133,0.5527,,
2020-02-27,48.6667,,,0.0130,0.5527,,
2020-02-28,41.98,,,0.0113,0.5527,,
2020-03-02,47.4173,,,0.0110,0.5527,,
2020-03-03,53.6667,,,0.0102,0.5527,,
2020-03-04,50.9307,,,0.0102,0.5527,,
2020-03-05,48.2513,,,0.0092,0.5527,,
2020-03-06,46.0002,,,0.0074,0.5527,,
2020-03-09,40.3593,,,0.0054,0.5527,,
2020-03-10,43.962,,,0.0076,0.5527,,
2020-03-11,42.68,,,0.0082,0.5527,,
2020-03-12,38.726,,,0.0088,0.5527,,
2020-03-13,39.6667,,,0.0094,0.5527,,
2020-03-16,31.3,,,0.0073,0.5527,,
2020-03-17,29.334,,,0.0102,0.5527,,
2020-03-18,25.9333,,,0.0118,0.5527,,
2020-03-19,24.9798,,,0.0112,0.5527,,
2020-03-20,29.2133,,,0.0092,0.5527,,
2020-03-23,28.9067,,,0.0076,0.5527,,
2020-03-24,31.82,,,0.0084,0.5527,,
2020-03-25,36.35,,,0.0088,0.5527,,
2020-03-26,36.4927,,,0.0083,0.5527,,
2020-03-27,33.6667,,,0.0072,0.5527,,
2020-03-30,34.0173,,,0.0070,0.5527,,
2020-03-31,33.4167,,,0.0070,0.5527,,
2020-04-01,33.6,,,0.0062,0.5527,,
2020-04-02,32.0687,,,0.0063,0.5527,,
2020-04-03,33.9667,,,0.0062,0.5527,,
2020-04-06,34.08,,,0.0067,0.5527,,
2020-04-07,36.3333,,,0.0075,0.5527,,
2020-04-08,36.9467,,,0.0077,0.5527,,
2020-04-09,37.4727,,,0.0073,0.5527,,
2020-04-13,39.344,,,0.0076,0.5527,,
2020-04-14,46.598,,,0.0076,0.5527,,
2020-04-15,49.4667,,,0.0063,0.5527,,
2020-04-16,47.796,,,0.0061,0.5527,,
2020-04-17,51.4853,,,0.0065,0.5527,,
2020-04-20,48.8467,,,0.0063,0.5527,,
2020-04-21,48.6747,,,0.0058,0.5527,,
2020-04-22,46.932,,,0.0063,0.5527,,
2020-04-23,48.5067,,,0.0061,0.5527,,
2020-04-24,47.3873,,,0.0060,0.5527,,
2020-04-27,49.174,,,0.0067,0.5527,,
2020-04-28,53.0427,,,0.0062,0.5527,,
2020-04-29,52.678,,,0.0063,0.5527,,
2020-04-30,57.0127,,,0.0064,0.5527,,
2020-05-01,50.3333,,,0.0064,0.5527,,
2020-05-04,46.7333,,,0.0064,0.5527,,
2020-05-05,52.6527,,,0.0066,0.5527,,
2020-05-06,51.7667,,,0.0072,0.5527,,
2020-05-07,51.814,,,0.0063,0.5527,,
2020-05-08,52.918,,,0.0069,0.5527,,
2020-05-11,52.7007,,,0.0073,0.5527,,
2020-05-12,55.1333,,,0.0069,0.5527,,
2020-05-13,54.722,,,0.0064,0.5527,,
2020-05-14,52,,,0.0063,0.5527,,
2020-05-15,52.69,,,0.0064,0.5527,,
2020-05-18,55.1853,,,0.0073,0.5527,,
2020-05-19,54.3447,,,0.0070,0.5527,,
2020-05-20,54.7,,,0.0068,0.5527,,
2020-05-21,54.4,,,0.0068,0.5527,,
2020-05-22,54.8116,,,0.0066,0.5527,,
2020-05-26,55.6333,,,0.0069,0.5527,,
2020-05-27,54.724,,,0.0068,0.5527,,
2020-05-28,54.234,,,0.0070,0.5527,,
2020-05-29,53.9167,,,0.0065,0.5527,,
2020-06-01,57.2,,,0.0066,0.5527,,
2020-06-02,59.6467,,,0.0068,0.5527,,
2020-06-03,59.208,,,0.0077,0.5527,,
2020-06-04,59.3253,,,0.0082,0.5527,,
2020-06-05,58.5227,,,0.0091,0.5527,,
2020-06-08,61.2667,,,0.0088,0.5527,,
2020-06-09,62.6673,,,0.0084,0.5527,,
2020-06-10,66.1253,,,0.0075,0.5527,,
2020-06-11,66.0133,,,0.0066,0.5527,,
2020-06-12,65.3333,,,0.0071,0.5527,,
2020-06-15,61.186,,,0.0071,0.5527,,
2020-06-16,67.4567,,,0.0075,0.5527,,
2020-06-17,65.8473,,,0.0074,0.5527,,
2020-06-18,66.8667,,,0.0071,0.5527,,
2020-06-19,67.5187,,,0.0070,0.5527,,
2020-06-22,66.6633,,,0.0071,0.5527,,
2020-06-23,66.592,,,0.0072,0.5527,,
2020-06-24,66.274,,,0.0069,0.5527,,
2020-06-25,63.618,,,0.0068,0.5527,,
2020-06-26,66.3187,,,0.0064,0.5527,,
2020-06-29,64.6007,,,0.0064,0.5527,,
2020-06-30,67.0667,,,0.0066,0.5527,,
2020-07-01,72.2,,,0.0069,0.5527,,
2020-07-02,81.432,,,0.0068,0.5527,,
2020-07-06,85.1127,,,0.0069,0.5527,,
2020-07-07,93.6673,,,0.0065,0.5527,,
2020-07-08,93.6667,,,0.0067,0.5527,,
2020-07-09,93.1327,,,0.0062,0.5527,,
2020-07-10,93.0667,,,0.0065,0.5527,,
2020-07-13,110.6,,,0.0064,0.5527,,
2020-07-14,103.7333,,,0.0063,0.5527,,
2020-07-15,102.8667,,,0.0064,0.5527,,
2020-07-16,98.4773,,,0.0062,0.5527,,
2020-07-17,100.8967,,,0.0064,0.5527,,
2020-07-20,101.2673,,,0.0062,0.5527,,
2020-07-21,109.3287,,,0.0061,0.5527,,
2020-07-22,106.6,,,0.0060,0.5527,,
2020-07-23,111.93,,,0.0059,0.5527,,
2020-07-24,94.4007,,,0.0059,0.5527,,
2020-07-27,95.6667,,,0.0062,0.5527,,
2020-07-28,100.2667,,,0.0059,0.5527,,
2020-07-29,100.0667,,,0.0058,0.5527,,
2020-07-30,99.2,,,0.0055,0.5527,,
2020-07-31,101,,,0.0055,0.5527,,
2020-08-03,96.6133,,,0.0056,0.5527,,
2020-08-04,99.6673,,,0.0052,0.5527,,
2020-08-05,99.5327,,,0.0055,0.5527,,
2020-08-06,99.3887,,,0.0055,0.5527,,
2020-08-07,99.9693,,,0.0057,0.5527,,
2020-08-10,96.5333,,,0.0059,0.5527,,
2020-08-11,93.0667,,,0.0064,0.5527,,
2020-08-12,98,,,0.0069,0.5527,,
2020-08-13,107.4,,,0.0071,0.5527,,
2020-08-14,110.9993,,,0.0071,0.5527,,
2020-08-17,111.8,,,0.0069,0.5527,,
2020-08-18,126.5993,,,0.0067,0.5527,,
2020-08-19,124.3333,,,0.0068,0.5527,,
2020-08-20,124.0453,,,0.0065,0.5527,,
2020-08-21,136.3173,,,0.0064,0.5527,,
2020-08-24,141.752,,,0.0065,0.5527,,
2020-08-25,131.6593,,,0.0069,0.5527,,
2020-08-26,137.3333,,,0.0069,0.5527,,
2020-08-27,145.364,,,0.0074,0.5527,,
2020-08-28,153.008,,,0.0074,0.5527,,
2020-08-31,148.2033,,,0.0072,0.5527,,
2020-09-01,167.38,,,0.0068,0.5527,,
2020-09-02,159.6633,,,0.0066,0.5527,,
2020-09-03,135.7433,,,0.0063,0.5527,,
2020-09-04,134.27,,,0.0072,0.5527,,
2020-09-08,118.6667,,,0.0069,0.5527,,
2020-09-09,118.8667,,,0.0071,0.5527,,
2020-09-10,128.7367,,,0.0068,0.5527,,
2020-09-11,127.3133,,,0.0067,0.5527,,
2020-09-14,126.9833,,,0.0068,0.5527,,
2020-09-15,145.52,,,0.0068,0.5527,,
2020-09-16,146.6233,,,0.0069,0.5527,,
2020-09-17,138.5333,,,0.0069,0.5527,,
2020-09-18,149.3133,,,0.0070,0.5527,,
2020-09-21,151.0433,,,0.0068,0.5527,,
2020-09-22,143.2,,,0.0068,0.5527,,
2020-09-23,135.0533,,,0.0068,0.5527,,
2020-09-24,121.2667,,,0.0067,0.5527,,
2020-09-25,131.1567,,,0.0066,0.5527,,
2020-09-28,141.54,,,0.0067,0.5527,,
2020-09-29,138.6667,,,0.0066,0.5527,,
2020-09-30,140.44,,,0.0069,0.5527,,
2020-10-01,146.92,,,0.0068,0.5527,,
2020-10-02,140.4633,,,0.0070,0.5527,,
2020-10-05,141.1167,,,0.0078,0.5527,,
2020-10-06,141.2633,,,0.0076,0.5527,,
2020-10-07,139.9567,,,0.0081,0.5527,,
2020-10-08,146.1467,,,0.0078,0.5527,,
2020-10-09,143.3767,,,0.0079,0.5527,,
2020-10-12,147.3333,,,0.0079,0.5527,,
2020-10-13,147.7833,,,0.0074,0.5527,,
2020-10-14,149.9267,,,0.0073,0.5527,,
2020-10-15,150.1033,,,0.0074,0.5527,,
2020-10-16,151.48,,,0.0076,0.5527,,
2020-10-19,148.7467,,,0.0078,0.5527,,
2020-10-20,143.9167,,,0.0081,0.5527,,
2020-10-21,140.9,,,0.0083,0.5527,,
2020-10-22,147.3067,,,0.0087,0.5527,,
2020-10-23,140.6133,,,0.0085,0.5527,,
2020-10-26,137.21,,,0.0081,0.5527,,
2020-10-27,141.2533,,,0.0079,0.5527,,
2020-10-28,138.8267,,,0.0079,0.5527,,
2020-10-29,136.6533,,,0.0085,0.5527,,
2020-10-30,135.6318,,,0.0088,0.5527,,
2020-11-02,131.3333,,,0.0087,0.5527,,
2020-11-03,136.5767,,,0.0090,0.5527,,
2020-11-04,143.54,,,0.0078,0.5527,,
2020-11-05,142.7667,,,0.0079,0.5527,,
2020-11-06,145.3667,,,0.0083,0.5527,,
2020-11-09,146.5,,,0.0096,0.5527,,
2020-11-10,140.03,,,0.0098,0.5527,,
2020-11-11,138.8167,,,0.0098,0.5527,,
2020-11-12,138.35,,,0.0088,0.5527,,
2020-11-13,136.95,,,0.0089,0.5527,,
2020-11-16,136.31,,,0.0091,0.5527,,
2020-11-17,153.39,,,0.0087,0.5527,,
2020-11-18,149.45,,,0.0088,0.5527,,
2020-11-19,164,,,0.0086,0.5527,,
2020-11-20,165.9967,,,0.0083,0.5527,,
2020-11-23,167.8333,,,0.0086,0.5527,,
2020-11-24,180.1333,,,0.0088,0.5527,,
2020-11-25,183.3533,,,0.0088,0.5527,,
2020-11-27,193.72,,,0.0084,0.5527,,
2020-11-30,200.7367,,,0.0084,0.5527,,
2020-12-01,199.1967,,,0.0092,0.5527,,
2020-12-02,185.48,,,0.0095,0.5527,,
2020-12-03,196.6733,,,0.0092,0.5527,,
2020-12-04,197.0033,,,0.0097,0.5527,,
2020-12-07,201.6399,,,0.0094,0.5527,,
2020-12-08,208.5017,,,0.0092,0.5527,,
2020-12-09,217.8967,,,0.0095,0.5527,,
2020-12-10,191.4567,,,0.0092,0.5527,,
2020-12-11,205.0033,,,0.0090,0.5527,,
2020-12-14,206.3333,,,0.0090,0.5527,,
2020-12-15,214.4267,,,0.0092,0.5527,,
2020-12-16,209.41,,,0.0092,0.5527,,
2020-12-17,209.3967,,,0.0094,0.5527,,
2020-12-18,222.9667,,,0.0095,0.5527,,
2020-12-21,222.08,,,0.0095,0.5527,,
2020-12-22,216,,,0.0093,0.5527,,
2020-12-23,210.7333,,,0.0096,0.5527,,
2020-12-24,214.33,,,0.0094,0.5527,,
2020-12-28,224.8367,,,0.0094,0.5527,,
2020-12-29,220.3333,,,0.0094,0.5527,,
2020-12-30,224,,,0.0093,0.5527,,
2020-12-31,233.33,,,0.0093,0.5527,,
2021-01-04,239.82,,,0.0093,0.5527,,
2021-01-05,241.22,,,0.0096,0.5527,,
2021-01-06,252.83,,,0.0104,0.5527,,
2021-01-07,259.21,,,0.0108,0.5527,,
2021-01-08,285.3333,,,0.0113,0.5527,,
2021-01-11,283.1333,,,0.0115,0.5527,,
2021-01-12,277,,,0.0115,0.5527,,
2021-01-13,284.2533,,,0.0110,0.5527,,
2021-01-14,281.13,,,0.0115,0.5527,,
2021-01-15,284,,,0.0111,0.5527,,
2021-01-19,279.2667,,,0.0110,0.5527,,
2021-01-20,286.2467,,,0.0110,0.5527,,
2021-01-21,285,,,0.0112,0.5527,,
2021-01-22,278.1033,,,0.0110,0.5527,,
2021-01-25,285,,,0.0105,0.5527,,
2021-01-26,297.1267,,,0.0105,0.5527,,
2021-01-27,290.1167,,,0.0104,0.5527,,
2021-01-28,273.3333,,,0.0107,0.5527,,
2021-01-29,276.6668,,,0.0111,0.5527,,
2021-02-01,271.43,,,0.0109,0.5527,,
2021-02-02,281.56,,,0.0112,0.5527,,
2021-02-03,292.34,,,0.0115,0.5527,,
2021-02-04,285,,,0.0115,0.5527,,
2021-02-05,281.6667,,,0.0119,0.5527,,
2021-02-08,289.89,,,0.0119,0.5527,,
2021-02-09,285.04,,,0.0118,0.5527,,
2021-02-10,281.2117,,,0.0115,0.5527,,
2021-02-11,270.8133,,,0.0116,0.5527,,
2021-02-12,267.0867,,,0.0120,0.5527,,
2021-02-16,272.6667,,,0.0130,0.5527,,
2021-02-17,259.6967,,,0.0129,0.5527,,
2021-02-18,260.3,,,0.0129,0.5527,,
2021-02-19,265,,,0.0134,0.5527,,
2021-02-22,254.2133,,,0.0137,0.5527,,
2021-02-23,220.71,,,0.0137,0.5527,,
2021-02-24,237.2833,,,0.0138,0.5527,,
2021-02-25,242.05,,,0.0154,0.5527,,
2021-02-26,233.3333,,,0.0144,0.5527,,
2021-03-01,230.0367,,,0.0145,0.5527,,
2021-03-02,239.4267,,,0.0142,0.5527,,
2021-03-03,229.33,,,0.0147,0.5527,,
2021-03-04,218.6,,,0.0154,0.5527,,
2021-03-05,208.6867,,,0.0156,0.5527,,
2021-03-08,200.1833,,,0.0159,0.5527,,
2021-03-09,202.7267,,,0.0155,0.5527,,
2021-03-10,233.4333,,,0.0153,0.5527,,
2021-03-11,233.1333,,,0.0154,0.5527,,
2021-03-12,223.3333,,,0.0164,0.5527,,
2021-03-15,231.3633,,,0.0162,0.5527,,
2021-03-16,234.45,,,0.0162,0.5527,,
2021-03-17,218.9567,,,0.0163,0.5527,,
2021-03-18,228.0967,,,0.0171,0.5527,,
2021-03-19,215.5333,,,0.0174,0.5527,,
2021-03-22,228.1967,,,0.0169,0.5527,,
2021-03-23,225.2567,,,0.0163,0.5527,,
2021-03-24,222.6367,,,0.0162,0.5527,,
2021-03-25,204.3333,,,0.0163,0.5527,,
2021-03-26,213.9567,,,0.0167,0.5527,,
2021-03-29,205.2133,,,0.0173,0.5527,,
2021-03-30,200.5833,,,0.0173,0.5527,,
2021-03-31,215.54,,,0.0174,0.5527,,
2021-04-01,229.4567,,,0.0169,0.5527,,
2021-04-05,235.9033,,,0.0173,0.5527,,
2021-04-06,230.1,,,0.0167,0.5527,,
2021-04-07,229,,,0.0168,0.5527,,
2021-04-08,225.7933,,,0.0164,0.5527,,
2021-04-09,225.9233,,,0.0167,0.5527,,
2021-04-12,228.5667,,,0.0169,0.5527,,
2021-04-13,237.5667,,,0.0164,0.5527,,
2021-04-14,256.9,,,0.0164,0.5527,,
2021-04-15,247.7,,,0.0156,0.5527,,
2021-04-16,242.8833,,,0.0159,0.5527,,
2021-04-19,239.8667,,,0.0161,0.5527,,
2021-04-20,239.14,,,0.0158,0.5527,,
2021-04-21,234.9233,,,0.0157,0.5527,,
2021-04-22,247.1667,,,0.0157,0.5527,,
2021-04-23,239.9333,,,0.0158,0.5527,,
2021-04-26,247,,,0.0158,0.5527,,
2021-04-27,239.32,,,0.0163,0.5527,,
2021-04-28,232.1367,,,0.0163,0.5527,,
2021-04-29,233.17,,,0.0165,0.5527,,
2021-04-30,222.53,,,0.0165,0.5527,,
2021-05-03,234.6,,,0.0163,0.5527,,
2021-05-04,226.3133,,,0.0161,0.5527,,
2021-05-05,227.02,,,0.0159,0.5527,,
2021-05-06,226.92,,,0.0158,0.5527,,
2021-05-07,221.9333,,,0.0160,0.5527,,
2021-05-10,221.6333,,,0.0163,0.5527,,
2021-05-11,199.7467,,,0.0164,0.5527,,
2021-05-12,200.83,,,0.0169,0.5527,,
2021-05-13,200.515,,,0.0166,0.5527,,
2021-05-14,194.47,,,0.0163,0.5527,,
2021-05-17,191.851,,,0.0164,0.5527,,
2021-05-18,189.3333,,,0.0164,0.5527,,
2021-05-19,184.1833,,,0.0168,0.5527,,
2021-05-20,191.6667,,,0.0163,0.5527,,
2021-05-21,198.7033,,,0.0163,0.5527,,
2021-05-24,193.8667,,,0.0161,0.5527,,
2021-05-25,202.4367,,,0.0156,0.5527,,
2021-05-26,202.52,,,0.0158,0.5527,,
2021-05-27,206.7467,,,0.0161,0.5527,,
2021-05-28,209.5,,,0.0158,0.5527,,
2021-06-01,209.2667,,,0.0162,0.5527,,
2021-06-02,206.71,,,0.0159,0.5527,,
2021-06-03,200.6,,,0.0163,0.5527,,
2021-06-04,193.2367,,,0.0156,0.5527,,
2021-06-07,197.275,,,0.0157,0.5527,,
2021-06-08,207.67,,,0.0153,0.5527,,
2021-06-09,200.7233,,,0.0150,0.5527,,
2021-06-10,201.2933,,,0.0145,0.5527,,
2021-06-11,203.41,,,0.0147,0.5527,,
2021-06-14,204.0767,,,0.0151,0.5527,,
2021-06-15,205.5633,,,0.0151,0.5527,,
2021-06-16,199.1783,,,0.0157,0.5527,,
2021-06-17,200.6293,,,0.0152,0.5527,,
2021-06-18,204.4567,,,0.0145,0.5527,,
2021-06-21,208.16,,,0.0150,0.5527,,
2021-06-22,206.0833,,,0.0148,0.5527,,
2021-06-23,210.6667,,,0.0150,0.5527,,
2021-06-24,224.9967,,,0.0149,0.5527,,
2021-06-25,229.86,,,0.0154,0.5527,,
2021-06-28,223.88,,,0.0149,0.5527,,
2021-06-29,228.2167,,,0.0149,0.5527,,
2021-06-30,226.59,,,0.0145,0.5527,,
2021-07-01,227.9733,,,0.0148,0.5527,,
2021-07-02,226.3267,,,0.0144,0.5527,,
2021-07-06,227.2372,,,0.0137,0.5527,,
2021-07-07,221.4233,,,0.0133,0.5527,,
2021-07-08,209.4567,,,0.0130,0.5527,,
2021-07-09,217.7283,,,0.0137,0.5527,,
2021-07-12,220.7333,,,0.0138,0.5527,,
2021-07-13,228.7733,,,0.0142,0.5527,,
2021-07-14,223.5833,,,0.0137,0.5527,,
2021-07-15,219.4633,,,0.0131,0.5527,,
2021-07-16,218.2267,,,0.0131,0.5527,,
2021-07-19,209.9633,,,0.0119,0.5527,,
2021-07-20,217.33,,,0.0123,0.5527,,
2021-07-21,219.87,,,0.0130,0.5527,,
2021-07-22,218.8143,,,0.0127,0.5527,,
2021-07-23,215.4533,,,0.0130,0.5527,,
2021-07-26,216.99,,,0.0129,0.5527,,
2021-07-27,221.1333,,,0.0125,0.5527,,
2021-07-28,215.665,,,0.0126,0.5527,,
2021-07-29,216.5967,,,0.0128,0.5527,,
2021-07-30,223.9193,,,0.0124,0.5527,,
2021-08-02,233.3333,,,0.0120,0.5527,,
2021-08-03,239.6667,,,0.0119,0.5527,,
2021-08-04,237,,,0.0119,0.5527,,
2021-08-05,238.6667,,,0.0123,0.5527,,
2021-08-06,237.3,,,0.0131,0.5527,,
2021-08-09,236.7233,,,0.0133,0.5527,,
2021-08-10,237.9967,,,0.0136,0.5527,,
2021-08-11,237.57,,,0.0135,0.5527,,
2021-08-12,235.4467,,,0.0136,0.5527,,
2021-08-13,241.2367,,,0.0129,0.5527,,
2021-08-16,235.0233,,,0.0126,0.5527,,
2021-08-17,224.22,,,0.0126,0.5527,,
2021-08-18,223.2493,,,0.0127,0.5527,,
2021-08-19,226.07,,,0.0124,0.5527,,
2021-08-20,227.6167,,,0.0126,0.5527,,
2021-08-23,228.4807,,,0.0125,0.5527,,
2021-08-24,236.8933,,,0.0129,0.5527,,
2021-08-25,235.6767,,,0.0135,0.5527,,
2021-08-26,236.1033,,,0.0134,0.5527,,
2021-08-27,235,,,0.0131,0.5527,,
2021-08-30,238.2383,,,0.0129,0.5527,,
2021-08-31,244.3333,,,0.0130,0.5527,,
2021-09-01,244.6933,,,0.0131,0.5527,,
2021-09-02,244.8333,,,0.0129,0.5527,,
2021-09-03,244.0831,,,0.0133,0.5527,,
2021-09-07,246.6667,,,0.0138,0.5527,,
2021-09-08,253.86,,,0.0135,0.5527,,
2021-09-09,251.1367,,,0.0130,0.5527,,
2021-09-10,253.2,,,0.0135,0.5527,,
2021-09-13,246.7381,,,0.0133,0.5527,,
2021-09-14,247.5233,,,0.0128,0.5527,,
2021-09-15,248.3333,,,0.0131,0.5527,,
2021-09-16,250.9433,,,0.0134,0.5527,,
2021-09-17,252.3833,,,0.0137,0.5527,,
2021-09-20,244.8526,,,0.0131,0.5527,,
2021-09-21,244.93,,,0.0133,0.5527,,
2021-09-22,247.8421,,,0.0132,0.5527,,
2021-09-23,251.6667,,,0.0141,0.5527,,
2021-09-24,248.63,,,0.0147,0.5527,,
2021-09-27,257.7067,,,0.0148,0.5527,,
2021-09-28,262.4,,,0.0154,0.5527,,
2021-09-29,259.9333,,,0.0155,0.5527,,
2021-09-30,260.3333,,,0.0152,0.5527,,
2021-10-01,259.4667,,,0.0148,0.5527,,
2021-10-04,265.5,,,0.0149,0.5527,,
2021-10-05,261.5987,,,0.0154,0.5527,,
2021-10-06,258.7333,,,0.0153,0.5527,,
2021-10-07,261.82,,,0.0158,0.5527,,
2021-10-08,265.4033,,,0.0161,0.5527,,
2021-10-11,262.55,,,0.0161,0.5527,,
2021-10-12,266.9767,,,0.0159,0.5527,,
2021-10-13,270.1567,,,0.0156,0.5527,,
2021-10-14,271.83,,,0.0152,0.5527,,
2021-10-15,274.5795,,,0.0159,0.5527,,
2021-10-18,283.93,,,0.0159,0.5527,,
2021-10-19,292.51,,,0.0165,0.5527,,
2021-10-20,288.45,,,0.0165,0.5527,,
2021-10-21,285.3333,,,0.0168,0.5527,,
2021-10-22,298.5,,,0.0166,0.5527,,
2021-10-25,316.8433,,,0.0164,0.5527,,
2021-10-26,341.5633,,,0.0163,0.5527,,
2021-10-27,346.5533,,,0.0154,0.5527,,
2021-10-28,356.1033,,,0.0157,0.5527,,
2021-10-29,360.62,,,0.0155,0.5527,,
2021-11-01,381.6667,,,0.0158,0.5527,,
2021-11-02,386.4533,,,0.0156,0.5527,,
2021-11-03,392.4433,,,0.0160,0.5527,,
2021-11-04,411.47,,,0.0153,0.5527,,
2021-11-05,409.3333,,,0.0145,0.5527,,
2021-11-08,383.2633,,,0.0151,0.5527,,
2021-11-09,391.2,,,0.0146,0.5527,,
2021-11-10,336.8033,,,0.0156,0.5527,,
2021-11-11,367.59,,,0.0156,0.5527,,
2021-11-12,349.1667,,,0.0158,0.5527,,
2021-11-15,339.21,,,0.0163,0.5527,,
2021-11-16,334.4367,,,0.0163,0.5527,,
2021-11-17,354.5033,,,0.0160,0.5527,,
2021-11-18,368.85,,,0.0159,0.5527,,
2021-11-19,366.29,,,0.0154,0.5527,,
2021-11-22,387.4433,,,0.0163,0.5527,,
2021-11-23,389.17,,,0.0167,0.5527,,
2021-11-24,360.13,,,0.0164,0.5527,,
2021-11-26,366.49,,,0.0148,0.5527,,
2021-11-29,366.9967,,,0.0152,0.5527,,
2021-11-30,381.4567,,,0.0143,0.5527,,
2021-12-01,386.8967,,,0.0143,0.5527,,
2021-12-02,366.3533,,,0.0144,0.5527,,
2021-12-03,361.5967,,,0.0135,0.5527,,
2021-12-06,333.8367,,,0.0143,0.5527,,
2021-12-07,348.0667,,,0.0148,0.5527,,
2021-12-08,350.9033,,,0.0152,0.5527,,
2021-12-09,353.5467,,,0.0149,0.5527,,
2021-12-10,336.25,,,0.0148,0.5527,,
2021-12-13,333.6967,,,0.0142,0.5527,,
2021-12-14,315,,,0.0144,0.5527,,
2021-12-15,317.7367,,,0.0147,0.5527,,
2021-12-16,331.5,,,0.0144,0.5527,,
2021-12-17,304.9233,,,0.0141,0.5527,,
2021-12-20,303.5667,,,0.0143,0.5527,,
2021-12-21,305.6233,,,0.0148,0.5527,,
2021-12-22,321.8867,,,0.0146,0.5527,,
2021-12-23,335.6,,,0.0150,0.5527,,
2021-12-27,357.89,,,0.0148,0.5527,,
2021-12-28,369.83,,,0.0149,0.5527,,
2021-12-29,366.2133,,,0.0155,0.5527,,
2021-12-30,353.7767,,,0.0152,0.5527,,
2021-12-31,357.8133,,,0.0152,0.5527,,
2022-01-03,382.5833,,,0.0163,0.5527,,
2022-01-04,396.5167,,,0.0166,0.5527,,
2022-01-05,382.2167,,,0.0171,0.5527,,
2022-01-06,359,,,0.0173,0.5527,,
2022-01-07,360.1233,,,0.0176,0.5527,,
2022-01-10,333.3333,,,0.0178,0.5527,,
2022-01-11,351.2233,,,0.0175,0.5527,,
2022-01-12,359.6167,,,0.0174,0.5527,,
2022-01-13,369.69,,,0.0170,0.5527,,
2022-01-14,339.96,,,0.0178,0.5527,,
2022-01-18,342.2033,,,0.0187,0.5527,,
2022-01-19,347.2333,,,0.0183,0.5527,,
2022-01-20,336.5767,,,0.0183,0.5527,,
2022-01-21,332.1133,,,0.0175,0.5527,,
2022-01-24,301.5867,,,0.0175,0.5527,,
2022-01-25,304.7333,,,0.0178,0.5527,,
2022-01-26,317.4767,,,0.0185,0.5527,,
2022-01-27,311.12,,,0.0181,0.5527,,
2022-01-28,277.1867,,,0.0178,0.5527,,
2022-01-31,290.9033,,,0.0179,0.5527,,
2022-02-01,311.7367,,,0.0181,0.5527,,
2022-02-02,309.3933,,,0.0178,0.5527,,
2022-02-03,294,,,0.0182,0.5527,,
2022-02-04,299.0733,,,0.0193,0.5527,,
2022-02-07,307.93,,,0.0192,0.5527,,
2022-02-08,301.8433,,,0.0196,0.5527,,
2022-02-09,311.6667,,,0.0194,0.5527,,
2022-02-10,302.79,,,0.0203,0.5527,,
2022-02-11,303.21,,,0.0192,0.5527,,
2022-02-14,287.19,,,0.0198,0.5527,,
2022-02-15,300,,,0.0205,0.5527,,
2022-02-16,304.6833,,,0.0203,0.5527,,
2022-02-17,304.42,,,0.0197,0.5527,,
2022-02-18,295.3333,,,0.0192,0.5527,,
2022-02-22,278.0433,,,0.0194,0.5527,,
2022-02-23,276.81,,,0.0199,0.5527,,
2022-02-24,233.4633,,,0.0196,0.5527,,
2022-02-25,269.7433,,,0.0197,0.5527,,
2022-02-28,271.67,,,0.0183,0.5527,,
2022-03-01,289.8933,,,0.0172,0.5527,,
2022-03-02,290.71,,,0.0186,0.5527,,
2022-03-03,292.9233,,,0.0186,0.5527,,
2022-03-04,283.0333,,,0.0174,0.5527,,
2022-03-07,285.4333,,,0.0178,0.5527,,
2022-03-08,265.1767,,,0.0186,0.5527,,
2022-03-09,279.8267,,,0.0194,0.5527,,
2022-03-10,283.8167,,,0.0198,0.5527,,
2022-03-11,280.0657,,,0.0200,0.5527,,
2022-03-14,260.2033,,,0.0214,0.5527,,
2022-03-15,258.4233,,,0.0215,0.5527,,
2022-03-16,269.6667,,,0.0219,0.5527,,
2022-03-17,276.9967,,,0.0220,0.5527,,
2022-03-18,291.4967,,,0.0214,0.5527,,
2022-03-21,304.9933,,,0.0232,0.5527,,
2022-03-22,310,,,0.0238,0.5527,,
2022-03-23,326.6467,,,0.0232,0.5527,,
2022-03-24,336.5767,,,0.0234,0.5527,,
2022-03-25,336,,,0.0248,0.5527,,
2022-03-28,355.0333,,,0.0246,0.5527,,
2022-03-29,369.33,,,0.0241,0.5527,,
2022-03-30,363.7233,,,0.0235,0.5527,,
2022-03-31,364.8567,,,0.0232,0.5527,,
2022-04-01,360.3833,,,0.0239,0.5527,,
2022-04-04,363.1267,,,0.0242,0.5527,,
2022-04-05,378.7667,,,0.0254,0.5527,,
2022-04-06,357.8233,,,0.0261,0.5527,,
2022-04-07,350.7967,,,0.0266,0.5527,,
2022-04-08,347.7367,,,0.0272,0.5527,,
2022-04-11,326.8,,,0.0279,0.5527,,
2022-04-12,332.5467,,,0.0272,0.5527,,
2022-04-13,327.025,,,0.0270,0.5527,,
2022-04-14,333.0967,,,0.0283,0.5527,,
2022-04-18,329.6767,,,0.0285,0.5527,,
2022-04-19,335.02,,,0.0293,0.5527,,
2022-04-20,343.3333,,,0.0285,0.5527,,
2022-04-21,358.2433,,,0.0290,0.5527,,
2022-04-22,338.3033,,,0.0290,0.5527,,
2022-04-25,326.3233,,,0.0281,0.5527,,
2022-04-26,331.81,,,0.0277,0.5527,,
2022-04-27,299.5267,,,0.0282,0.5527,,
2022-04-28,299.9933,,,0.0285,0.5527,,
2022-04-29,300.75,,,0.0289,0.5527,,
2022-05-02,286.9233,,,0.0299,0.5527,,
2022-05-03,301.06,,,0.0297,0.5527,,
2022-05-04,301.3133,,,0.0293,0.5527,,
2022-05-05,313.07,,,0.0305,0.5527,,
2022-05-06,295.6667,,,0.0312,0.5527,,
2022-05-09,278.8167,,,0.0305,0.5527,,
2022-05-10,273.1033,,,0.0299,0.5527,,
2022-05-11,265,,,0.0291,0.5527,,
2022-05-12,233.6667,,,0.0284,0.5527,,
2022-05-13,257.8267,,,0.0293,0.5527,,
2022-05-16,255.72,,,0.0288,0.5527,,
2022-05-17,249.12,,,0.0298,0.5527,,
2022-05-18,248.1733,,,0.0289,0.5527,,
2022-05-19,235.6667,,,0.0284,0.5527,,
2022-05-20,237.9967,,,0.0278,0.5527,,
2022-05-23,218.34,,,0.0286,0.5527,,
2022-05-24,217.8433,,,0.0276,0.5527,,
2022-05-25,207.95,,,0.0275,0.5527,,
2022-05-26,220.4733,,,0.0275,0.5527,,
2022-05-27,241.0833,,,0.0274,0.5527,,
2022-05-31,257.9467,,,0.0285,0.5527,,
2022-06-01,251.72,,,0.0294,0.5527,,
2022-06-02,244.1567,,,0.0292,0.5527,,
2022-06-03,243.225,,,0.0296,0.5527,,
2022-06-06,244.3533,,,0.0304,0.5527,,
2022-06-07,234,,,0.0298,0.5527,,
2022-06-08,240.0867,,,0.0303,0.5527,,
2022-06-09,249.34,,,0.0304,0.5527,,
2022-06-10,235.1567,,,0.0315,0.5527,,
2022-06-13,223.1667,,,0.0343,0.5527,,
2022-06-14,218.2867,,,0.0349,0.5527,,
2022-06-15,220.9167,,,0.0333,0.5527,,
2022-06-16,222.7367,,,0.0328,0.5527,,
2022-06-17,213.4333,,,0.0325,0.5527,,
2022-06-21,224.6033,,,0.0331,0.5527,,
2022-06-22,234.5033,,,0.0316,0.5527,,
2022-06-23,237.905,,,0.0309,0.5527,,
2022-06-24,237.4683,,,0.0313,0.5527,,
2022-06-27,249.3667,,,0.0320,0.5527,,
2022-06-28,244.4833,,,0.0320,0.5527,,
2022-06-29,230.5,,,0.0310,0.5527,,
2022-06-30,224.51,,,0.0298,0.5527,,
2022-07-01,227,,,0.0288,0.5527,,
2022-07-05,223,,,0.0282,0.5527,,
2022-07-06,230.78,,,0.0293,0.5527,,
2022-07-07,233.92,,,0.0301,0.5527,,
2022-07-08,242.3333,,,0.0309,0.5527,,
2022-07-11,252.1033,,,0.0299,0.5527,,
2022-07-12,236.8467,,,0.0296,0.5527,,
2022-07-13,225.5,,,0.0291,0.5527,,
2022-07-14,234.8967,,,0.0296,0.5527,,
2022-07-15,240,,,0.0293,0.5527,,
2022-07-18,244.9367,,,0.0296,0.5527,,
2022-07-19,245,,,0.0301,0.5527,,
2022-07-20,246.7833,,,0.0304,0.5527,,
2022-07-21,255.1067,,,0.0291,0.5527,,
2022-07-22,276.22,,,0.0277,0.5527,,
2022-07-25,272.2167,,,0.0281,0.5527,,
2022-07-26,266.5133,,,0.0281,0.5527,,
2022-07-27,263.81,,,0.0278,0.5527,,
2022-07-28,280.0667,,,0.0268,0.5527,,
2022-07-29,280.7,,,0.0267,0.5527,,
2022-08-01,301.275,,,0.0260,0.5527,,
2022-08-02,294.0033,,,0.0275,0.5527,,
2022-08-03,305,,,0.0273,0.5527,,
2022-08-04,311,,,0.0268,0.5527,,
2022-08-05,302.67,,,0.0283,0.5527,,
2022-08-08,295,,,0.0277,0.5527,,
2022-08-09,290.2933,,,0.0280,0.5527,,
2022-08-10,297.0667,,,0.0278,0.5527,,
2022-08-11,296.5133,,,0.0287,0.5527,,
2022-08-12,289.415,,,0.0284,0.5527,,
2022-08-15,301.7867,,,0.0279,0.5527,,
2022-08-16,311.6667,,,0.0282,0.5527,,
2022-08-17,303.3967,,,0.0289,0.5527,,
2022-08-18,306,,,0.0288,0.5527,,
2022-08-19,299,,,0.0298,0.5527,,
2022-08-22,291.9133,,,0.0303,0.5527,,
2022-08-23,291.4533,,,0.0305,0.5527,,
2022-08-24,297.5633,,,0.0311,0.5527,,
2022-08-25,302.36,,,0.0303,0.5527,,
2022-08-26,297.43,,,0.0304,0.5527,,
2022-08-29,282.83,,,0.0312,0.5527,,
2022-08-30,287.865,,,0.0311,0.5527,,
2022-08-31,280.62,,,0.0315,0.5527,,
2022-09-01,272.575,,,0.0326,0.5527,,
2022-09-02,281.065,,,0.0320,0.5527,,
2022-09-06,272.675,,,0.0333,0.5527,,
2022-09-07,273.1,,,0.0327,0.5527,,
2022-09-08,281.3,,,0.0329,0.5527,,
2022-09-09,291.67,,,0.0333,0.5527,,
2022-09-12,300.72,,,0.0337,0.5527,,
2022-09-13,292.9,,,0.0342,0.5527,,
2022-09-14,292.24,,,0.0341,0.5527,,
2022-09-15,301.825,,,0.0345,0.5527,,
2022-09-16,299.605,,,0.0345,0.5527,,
2022-09-19,300.09,,,0.0349,0.5527,,
2022-09-20,306.91,,,0.0357,0.5527,,
2022-09-21,308.29,,,0.0351,0.5527,,
2022-09-22,299.86,,,0.0370,0.5527,,
2022-09-23,283.09,,,0.0369,0.5527,,
2022-09-26,271.83,,,0.0388,0.5527,,
2022-09-27,283.84,,,0.0397,0.5527,,
2022-09-28,283.08,,,0.0372,0.5527,,
2022-09-29,282.76,,,0.0376,0.5527,,
2022-09-30,266.145,,,0.0383,0.5527,,
2022-10-03,254.5,,,0.0367,0.5527,,
2022-10-04,250.52,,,0.0362,0.5527,,
2022-10-05,245.01,,,0.0376,0.5527,,
2022-10-06,239.44,,,0.0383,0.5527,,
2022-10-07,233.935,,,0.0389,0.5527,,
2022-10-10,223.93,,,0.0389,0.5527,,
2022-10-11,220.945,,,0.0393,0.5527,,
2022-10-12,215.33,,,0.0391,0.5527,,
2022-10-13,208.3,,,0.0397,0.5527,,
2022-10-14,224.01,,,0.0400,0.5527,,
2022-10-17,210.04,,,0.0402,0.5527,,
2022-10-18,229.5,,,0.0401,0.5527,,
2022-10-19,219.8,,,0.0414,0.5527,,
2022-10-20,208.28,,,0.0424,0.5527,,
2022-10-21,206.415,,,0.0421,0.5527,,
2022-10-24,205.82,,,0.0425,0.5527,,
2022-10-25,210.1,,,0.0410,0.5527,,
2022-10-26,219.4,,,0.0404,0.5527,,
2022-10-27,229.77,,,0.0396,0.5527,,
2022-10-28,225.4,,,0.0402,0.5527,,
2022-10-31,226.19,,,0.0410,0.5527,,
2022-11-01,234.05,,,0.0407,0.5527,,
2022-11-02,226.04,,,0.0410,0.5527,,
2022-11-03,211.36,,,0.0414,0.5527,,
2022-11-04,222.6,,,0.0417,0.5527,,
2022-11-07,208.65,,,0.0422,0.5527,,
2022-11-08,194.02,,,0.0414,0.5527,,
2022-11-09,190.775,,,0.0412,0.5527,,
2022-11-10,189.9,,,0.0382,0.5527,,
2022-11-11,186,,,0.0382,0.5527,,
2022-11-14,192.77,,,0.0388,0.5527,,
2022-11-15,195.88,,,0.0380,0.5527,,
2022-11-16,191.51,,,0.0367,0.5527,,
2022-11-17,183.96,,,0.0377,0.5527,,
2022-11-18,185.05,,,0.0382,0.5527,,
2022-11-21,175.85,,,0.0383,0.5527,,
2022-11-22,168.63,,,0.0376,0.5527,,
2022-11-23,173.57,,,0.0371,0.5527,,
2022-11-25,185.06,,,0.0368,0.5527,,
2022-11-28,179.96,,,0.0369,0.5527,,
2022-11-29,184.99,,,0.0375,0.5527,,
2022-11-30,182.43,,,0.0368,0.5527,,
2022-12-01,197.08,,,0.0353,0.5527,,
2022-12-02,191.78,,,0.0351,0.5527,,
2022-12-05,189.44,,,0.0360,0.5527,,
2022-12-06,181.215,,,0.0351,0.5527,,
2022-12-07,175.03,,,0.0342,0.5527,,
2022-12-08,172.2,,,0.0348,0.5527,,
2022-12-09,173.84,,,0.0357,0.5527,,
2022-12-12,176.1,,,0.0361,0.5527,,
2022-12-13,174.87,,,0.0351,0.5527,,
2022-12-14,159.25,,,0.0349,0.5527,,
2022-12-15,153.44,,,0.0344,0.5527,,
2022-12-16,159.635,,,0.0348,0.5527,,
2022-12-19,154,,,0.0357,0.5527,,
2022-12-20,146.05,,,0.0369,0.5527,,
2022-12-21,139.335,,,0.0368,0.5527,,
2022-12-22,136,,,0.0367,0.5527,,
2022-12-23,126.37,,,0.0375,0.5527,,
2022-12-27,117.495,,,0.0384,0.5527,,
2022-12-28,110.35,,,0.0388,0.5527,,
2022-12-29,120.385,,,0.0383,0.5527,,
2022-12-30,119.95,,,0.0388,0.5527,,
2023-01-03,118.47,,,0.0379,0.5527,,
2023-01-04,109.11,,,0.0369,0.5527,,
2023-01-05,110.51,,,0.0371,0.5527,,
2023-01-06,103,,,0.0355,0.5527,,
2023-01-09,118.96,,,0.0353,0.5527,,
2023-01-10,121.07,,,0.0361,0.5527,,
2023-01-11,122.09,,,0.0354,0.5527,,
2023-01-12,122.56,,,0.0343,0.5527,,
2023-01-13,116.55,,,0.0349,0.5527,,
2023-01-17,125.695,,,0.0353,0.5527,,
2023-01-18,136.555,,,0.0337,0.5527,,
2023-01-19,127.26,,,0.0339,0.5527,,
2023-01-20,128.68,,,0.0348,0.5527,,
2023-01-23,135.87,,,0.0352,0.5527,,
2023-01-24,143,,,0.0346,0.5527,,
2023-01-25,141.905,,,0.0346,0.5527,,
2023-01-26,159.965,,,0.0349,0.5527,,
2023-01-27,162.43,,,0.0352,0.5527,,
2023-01-30,178.05,,,0.0355,0.5527,,
2023-01-31,164.57,,,0.0352,0.5527,,
2023-02-01,173.89,,,0.0339,0.5527,,
2023-02-02,187.325,,,0.0340,0.5527,,
2023-02-03,183.95,,,0.0353,0.5527,,
2023-02-06,193.01,,,0.0363,0.5527,,
2023-02-07,196.43,,,0.0367,0.5527,,
2023-02-08,196.1,,,0.0363,0.5527,,
2023-02-09,207.775,,,0.0367,0.5527,,
2023-02-10,202.225,,,0.0374,0.5527,,
2023-02-13,194.415,,,0.0372,0.5527,,
2023-02-14,191.94,,,0.0377,0.5527,,
2023-02-15,211.755,,,0.0381,0.5527,,
2023-02-16,210.78,,,0.0386,0.5527,,
2023-02-17,199.985,,,0.0382,0.5527,,
2023-02-21,204.99,,,0.0395,0.5527,,
2023-02-22,197.93,,,0.0393,0.5527,,
2023-02-23,203.91,,,0.0388,0.5527,,
2023-02-24,196.325,,,0.0395,0.5527,,
2023-02-27,202.03,,,0.0392,0.5527,,
2023-02-28,210.59,,,0.0392,0.5527,,
2023-03-01,206.21,,,0.0401,0.5527,,
2023-03-02,186.74,,,0.0408,0.5527,,
2023-03-03,194.795,,,0.0397,0.5527,,
2023-03-06,198.54,,,0.0398,0.5527,,
2023-03-07,191.38,,,0.0397,0.5527,,
2023-03-08,185.04,,,0.0398,0.5527,,
2023-03-09,180.25,,,0.0393,0.5527,,
2023-03-10,175.13,,,0.0370,0.5527,,
2023-03-13,167.455,,,0.0355,0.5527,,
2023-03-14,177.31,,,0.0364,0.5527,,
2023-03-15,180.8,,,0.0351,0.5527,,
2023-03-16,180.365,,,0.0356,0.5527,,
2023-03-17,184.515,,,0.0339,0.5527,,
2023-03-20,178.08,,,0.0347,0.5527,,
2023-03-21,188.28,,,0.0359,0.5527,,
2023-03-22,199.3,,,0.0348,0.5527,,
2023-03-23,195.26,,,0.0338,0.5527,,
2023-03-24,191.65,,,0.0338,0.5527,,
2023-03-27,194.415,,,0.0353,0.5527,,
2023-03-28,192,,,0.0355,0.5527,,
2023-03-29,193.13,,,0.0357,0.5527,,
2023-03-30,195.58,,,0.0355,0.5527,,
2023-03-31,197.53,,,0.0348,0.5527,,
2023-04-03,199.91,,,0.0343,0.5527,,
2023-04-04,197.32,,,0.0335,0.5527,,
2023-04-05,190.515,,,0.0330,0.5527,,
2023-04-06,183.08,,,0.0330,0.5527,,
2023-04-10,179.94,,,0.0341,0.5527,,
2023-04-11,186.69,,,0.0343,0.5527,,
2023-04-12,190.74,,,0.0341,0.5527,,
2023-04-13,182.955,,,0.0345,0.5527,,
2023-04-14,183.95,,,0.0352,0.5527,,
2023-04-17,186.32,,,0.0360,0.5527,,
2023-04-18,187.15,,,0.0358,0.5527,,
2023-04-19,179.1,,,0.0360,0.5527,,
2023-04-20,166.165,,,0.0354,0.5527,,
2023-04-21,164.8,,,0.0357,0.5527,,
2023-04-24,164.65,,,0.0352,0.5527,,
2023-04-25,159.82,,,0.0340,0.5527,,
2023-04-26,160.29,,,0.0343,0.5527,,
2023-04-27,152.64,,,0.0353,0.5527,,
2023-04-28,160.9,,,0.0344,0.5527,,
2023-05-01,163.17,,,0.0359,0.5527,,
2023-05-02,161.88,,,0.0344,0.5527,,
2023-05-03,160.01,,,0.0338,0.5527,,
2023-05-04,162.71,,,0.0337,0.5527,,
2023-05-05,163.97,,,0.0344,0.5527,,
2023-05-08,173.72,,,0.0352,0.5527,,
2023-05-09,168.95,,,0.0353,0.5527,,
2023-05-10,172.55,,,0.0343,0.5527,,
2023-05-11,168.7,,,0.0339,0.5527,,
2023-05-12,176.07,,,0.0346,0.5527,,
2023-05-15,167.655,,,0.0350,0.5527,,
2023-05-16,165.65,,,0.0354,0.5527,,
2023-05-17,168.41,,,0.0357,0.5527,,
2023-05-18,174.22,,,0.0365,0.5527,,
2023-05-19,177.17,,,0.0370,0.5527,,
2023-05-22,180.7,,,0.0372,0.5527,,
2023-05-23,186.2,,,0.0370,0.5527,,
2023-05-24,182.23,,,0.0373,0.5527,,
2023-05-25,186.54,,,0.0383,0.5527,,
2023-05-26,184.62,,,0.0380,0.5527,,
2023-05-30,200.1,,,0.0369,0.5527,,
2023-05-31,199.78,,,0.0364,0.5527,,
2023-06-01,202.59,,,0.0361,0.5527,,
2023-06-02,210.15,,,0.0369,0.5527,,
2023-06-05,217.8,,,0.0369,0.5527,,
2023-06-06,216.14,,,0.0370,0.5527,,
2023-06-07,228,,,0.0379,0.5527,,
2023-06-08,224.22,,,0.0373,0.5527,,
2023-06-09,249.07,,,0.0375,0.5527,,
2023-06-12,247.94,,,0.0373,0.5527,,
2023-06-13,253.51,,,0.0384,0.5527,,
2023-06-14,260.17,,,0.0383,0.5527,,
2023-06-15,248.4,,,0.0372,0.5527,,
2023-06-16,258.92,,,0.0377,0.5527,,
2023-06-20,261.5,,,0.0374,0.5527,,
2023-06-21,275.13,,,0.0372,0.5527,,
2023-06-22,250.77,,,0.0380,0.5527,,
2023-06-23,259.29,,,0.0374,0.5527,,
2023-06-26,250.065,,,0.0372,0.5527,,
2023-06-27,243.24,,,0.0377,0.5527,,
2023-06-28,249.7,,,0.0371,0.5527,,
2023-06-29,258.03,,,0.0385,0.5527,,
2023-06-30,260.6,,,0.0381,0.5527,,
2023-07-03,276.49,,,0.0386,0.5527,,
2023-07-05,278.82,,,0.0395,0.5527,,
2023-07-06,278.09,,,0.0405,0.5527,,
2023-07-07,278.43,,,0.0406,0.5527,,
2023-07-10,276.47,,,0.0401,0.5527,,
2023-07-11,268.65,,,0.0399,0.5527,,
2023-07-12,276.325,,,0.0386,0.5527,,
2023-07-13,274.59,,,0.0376,0.5527,,
2023-07-14,277.01,,,0.0383,0.5527,,
2023-07-17,286.625,,,0.0381,0.5527,,
2023-07-18,290.15,,,0.0380,0.5527,,
2023-07-19,296.04,,,0.0375,0.5527,,
2023-07-20,279.56,,,0.0385,0.5527,,
2023-07-21,268,,,0.0384,0.5527,,
2023-07-24,255.85,,,0.0386,0.5527,,
2023-07-25,272.38,,,0.0391,0.5527,,
2023-07-26,263.25,,,0.0386,0.5527,,
2023-07-27,268.31,,,0.0401,0.5527,,
2023-07-28,259.86,,,0.0396,0.5527,,
2023-07-31,267.48,,,0.0397,0.5527,,
2023-08-01,266.26,,,0.0405,0.5527,,
2023-08-02,255.57,,,0.0408,0.5527,,
2023-08-03,252.04,,,0.0420,0.5527,,
2023-08-04,260.97,,,0.0405,0.5527,,
2023-08-07,251.45,,,0.0409,0.5527,,
2023-08-08,247.45,,,0.0402,0.5527,,
2023-08-09,250.87,,,0.0400,0.5527,,
2023-08-10,245.4,,,0.0409,0.5527,,
2023-08-11,241.77,,,0.0416,0.5527,,
2023-08-14,235.7,,,0.0419,0.5527,,
2023-08-15,238.73,,,0.0421,0.5527,,
2023-08-16,228.02,,,0.0428,0.5527,,
2023-08-17,226.06,,,0.0430,0.5527,,
2023-08-18,214.12,,,0.0426,0.5527,,
2023-08-21,221.5512,,,0.0434,0.5527,,
2023-08-22,240.25,,,0.0434,0.5527,,
2023-08-23,229.34,,,0.0419,0.5527,,
2023-08-24,238.66,,,0.0423,0.5527,,
2023-08-25,231.31,,,0.0425,0.5527,,
2023-08-28,242.58,,,0.0420,0.5527,,
2023-08-29,238.58,,,0.0412,0.5527,,
2023-08-30,254.2,,,0.0412,0.5527,,
2023-08-31,255.98,,,0.0409,0.5527,,
2023-09-01,257.26,,,0.0418,0.5527,,
2023-09-05,245,,,0.0427,0.5527,,
2023-09-06,255.135,,,0.0430,0.5527,,
2023-09-07,245.07,,,0.0427,0.5527,,
2023-09-08,251.22,,,0.0426,0.5527,,
2023-09-11,264.27,,,0.0429,0.5527,,
2023-09-12,270.76,,,0.0427,0.5527,,
2023-09-13,270.07,,,0.0425,0.5527,,
2023-09-14,271.32,,,0.0429,0.5527,,
2023-09-15,277.55,,,0.0433,0.5527,,
2023-09-18,271.16,,,0.0432,0.5527,,
2023-09-19,264.35,,,0.0437,0.5527,,
2023-09-20,267.04,,,0.0435,0.5527,,
2023-09-21,257.85,,,0.0449,0.5527,,
2023-09-22,257.4,,,0.0444,0.5527,,
2023-09-25,243.38,,,0.0455,0.5527,,
2023-09-26,242.98,,,0.0456,0.5527,,
2023-09-27,244.262,,,0.0461,0.5527,,
2023-09-28,240.02,,,0.0459,0.5527,,
2023-09-29,250,,,0.0459,0.5527,,
2023-10-02,244.81,,,0.0469,0.5527,,
2023-10-03,248.61,,,0.0481,0.5527,,
2023-10-04,248.14,,,0.0473,0.5527,,
2023-10-05,260,,,0.0472,0.5527,,
2023-10-06,253.98,,,0.0478,0.5527,,
2023-10-09,255.31,,,0.0478,0.5527,,
2023-10-10,257.75,,,0.0466,0.5527,,
2023-10-11,266.2,,,0.0458,0.5527,,
2023-10-12,262.92,,,0.0470,0.5527,,
2023-10-13,258.9,,,0.0463,0.5527,,
2023-10-16,250.05,,,0.0471,0.5527,,
2023-10-17,250.1,,,0.0483,0.5527,,
2023-10-18,252.7,,,0.0491,0.5527,,
2023-10-19,225.95,,,0.0498,0.5527,,
2023-10-20,217.01,,,0.0493,0.5527,,
2023-10-23,210,,,0.0486,0.5527,,
2023-10-24,216.5,,,0.0483,0.5527,,
2023-10-25,215.88,,,0.0495,0.5527,,
2023-10-26,211.32,,,0.0486,0.5527,,
2023-10-27,210.6,,,0.0484,0.5527,,
2023-10-30,209.28,,,0.0488,0.5527,,
2023-10-31,196.12,,,0.0488,0.5527,,
2023-11-01,204.04,,,0.0477,0.5527,,
2023-11-02,212.97,,,0.0467,0.5527,,
2023-11-03,221.15,,,0.0457,0.5527,,
2023-11-06,223.98,,,0.0467,0.5527,,
2023-11-07,219.98,,,0.0458,0.5527,,
2023-11-08,223.15,,,0.0449,0.5527,,
2023-11-09,219.75,,,0.0462,0.5527,,
2023-11-10,210.03,,,0.0461,0.5527,,
2023-11-13,215.6,,,0.0463,0.5527,,
2023-11-14,235.03,,,0.0444,0.5527,,
2023-11-15,239.29,,,0.0453,0.5527,,
2023-11-16,239.49,,,0.0445,0.5527,,
2023-11-17,232,,,0.0444,0.5527,,
2023-11-20,234.04,,,0.0442,0.5527,,
2023-11-21,235.04,,,0.0441,0.5527,,
2023-11-22,242.04,,,0.0442,0.5527,,
2023-11-24,233.75,,,0.0447,0.5527,,
2023-11-27,236.89,,,0.0439,0.5527,,
2023-11-28,236.68,,,0.0434,0.5527,,
2023-11-29,249.21,,,0.0427,0.5527,,
2023-11-30,245.14,,,0.0437,0.5527,,
2023-12-01,233.14,,,0.0422,0.5527,,
2023-12-04,235.75,,,0.0428,0.5527,,
2023-12-05,233.87,,,0.0418,0.5527,,
2023-12-06,242.92,,,0.0412,0.5527,,
2023-12-07,241.55,,,0.0414,0.5527,,
2023-12-08,240.27,,,0.0423,0.5527,,
2023-12-11,242.74,,,0.0423,0.5527,,
2023-12-12,238.55,,,0.0420,0.5527,,
2023-12-13,234.19,,,0.0404,0.5527,,
2023-12-14,241.22,,,0.0392,0.5527,,
2023-12-15,251.21,,,0.0391,0.5527,,
2023-12-18,253.78,,,0.0395,0.5527,,
2023-12-19,253.48,,,0.0393,0.5527,,
2023-12-20,256.41,,,0.0386,0.5527,,
2023-12-21,251.9,,,0.0389,0.5527,,
2023-12-22,256.76,,,0.0390,0.5527,,
2023-12-26,254.49,,,0.0389,0.5527,,
2023-12-27,258.35,,,0.0379,0.5527,,
2023-12-28,263.66,,,0.0384,0.5527,,
2023-12-29,255.1,,,0.0388,0.5527,,
2024-01-02,250.08,,,0.0395,0.5527,,
2024-01-03,244.98,,,0.0391,0.5527,,
2024-01-04,239.25,,,0.0399,0.5527,,
2024-01-05,236.86,,,0.0405,0.5527,,
2024-01-08,236.14,,,0.0401,0.5527,,
2024-01-09,238.11,,,0.0402,0.5527,,
2024-01-10,235.1,,,0.0404,0.5527,,
2024-01-11,230.57,,,0.0398,0.5527,,
2024-01-12,220.08,,,0.0396,0.5527,,
2024-01-16,215.1,,,0.0407,0.5527,,
2024-01-17,214.86,,,0.0410,0.5527,,
2024-01-18,216.88,,,0.0414,0.5527,,
2024-01-19,209.99,,,0.0415,0.5527,,
2024-01-22,212.26,,,0.0411,0.5527,,
2024-01-23,211.3,,,0.0414,0.5527,,
2024-01-24,211.88,,,0.0418,0.5527,,
2024-01-25,189.7,,,0.0414,0.5527,,
2024-01-26,185.5,,,0.0415,0.5527,,
2024-01-29,185.63,,,0.0408,0.5527,,
2024-01-30,195.33,,,0.0406,0.5527,,
2024-01-31,186.995,,,0.0399,0.5527,,
2024-02-01,188.5,,,0.0387,0.5527,,
2024-02-02,185.04,,,0.0403,0.5527,,
2024-02-05,184.26,,,0.0417,0.5527,,
2024-02-06,177.21,,,0.0409,0.5527,,
2024-02-07,188.18,,,0.0409,0.5527,,
2024-02-08,189,,,0.0415,0.5527,,
2024-02-09,190.18,,,0.0417,0.5527,,
2024-02-12,192.11,,,0.0417,0.5527,,
2024-02-13,183.99,,,0.0431,0.5527,,
2024-02-14,185.3,,,0.0427,0.5527,,
2024-02-15,189.16,,,0.0424,0.5527,,
2024-02-16,202.06,,,0.0430,0.5527,,
2024-02-20,196.13,,,0.0427,0.5527,,
2024-02-21,193.36,,,0.0432,0.5527,,
2024-02-22,194,,,0.0433,0.5527,,
2024-02-23,195.31,,,0.0426,0.5527,,
2024-02-26,192.29,,,0.0428,0.5527,,
2024-02-27,204.04,,,0.0431,0.5527,,
2024-02-28,200.42,,,0.0427,0.5527,,
2024-02-29,204.18,,,0.0425,0.5527,,
2024-03-01,200.52,,,0.0419,0.5527,,
2024-03-04,198.73,,,0.0422,0.5527,,
2024-03-05,183.05,,,0.0413,0.5527,,
2024-03-06,179.99,,,0.0411,0.5527,,
2024-03-07,174.35,,,0.0409,0.5527,,
2024-03-08,181.5,,,0.0409,0.5527,,
2024-03-11,175.445,,,0.0410,0.5527,,
2024-03-12,177.77,,,0.0416,0.5527,,
2024-03-13,173.05,,,0.0419,0.5527,,
2024-03-14,167.77,,,0.0429,0.5527,,
2024-03-15,163.16,,,0.0431,0.5527,,
2024-03-18,170.02,,,0.0434,0.5527,,
2024-03-19,172.36,,,0.0430,0.5527,,
2024-03-20,173,,,0.0427,0.5527,,
2024-03-21,176.39,,,0.0427,0.5527,,
2024-03-22,166.69,,,0.0422,0.5527,,
2024-03-25,168.76,,,0.0425,0.5527,,
2024-03-26,178.58,,,0.0424,0.5527,,
2024-03-27,181.41,,,0.0420,0.5527,,
2024-03-28,177.45,,,0.0420,0.5527,,